ID,N_VICTIMAS,LUGAR_DEL_HECHO,TIPO_DE_CALLE,COMUNA,LONGITUD,LATITUD,VICTIMA,ACUSADO,FECHA_Y_HORA,FATAL
1000,1,AV PIEDRA BUENA Y AV FERNANDEZ DE LA CRUZ,AVENIDA,8,-58.47533969,-34.68757022,MOTO,AUTO,2016-01-01 04:00:00,True
1001,1,AV GRAL PAZ  Y AV DE LOS CORRALES,AUTOPISTA,9,-58.50877521,-34.66977709,AUTO,PEATON,2016-01-02 01:15:00,True
1002,1,AV ENTRE RIOS 2034,AVENIDA,1,-58.39040293,-34.63189362,MOTO,AUTO,2016-01-03 07:00:00,True
1003,1,AV LARRAZABAL Y GRAL VILLEGAS CONRADO,AVENIDA,8,-58.46503904,-34.68092974,MOTO,SD,2016-01-10 00:00:00,True
1004,1,AV SAN JUAN Y PRESIDENTE LUIS SAENZ PEÑA ,AVENIDA,1,-58.38718297,-34.62246630,MOTO,PEATON,2016-01-21 05:20:00,True
1005,1,AV 27 DE FEBRERO Y AV ESCALADA,AVENIDA,8,-58.44451316,-34.68475866,MOTO,OBJETO FIJO,2016-01-24 18:30:00,True
1006,1,NOGOYA Y JOAQUIN V. GONZALES,CALLE,11,-58.50095869,-34.60825440,MOTO,AUTO,2016-01-24 19:10:00,True
1007,1,AV GENERAL PAZ Y AV DE LOS CORRALES,AUTOPISTA,9,-58.50877521,-34.66977709,MOTO,AUTO,2016-01-29 15:20:00,True
1008,1,AV BELGRANO Y BERNARDO DE IRIGOYEN,AVENIDA,1,-58.38048577,-34.61303893,MOTO,CAMION,2016-02-08 01:20:00,True
1009,1,AV ENTRE RIOS 1366,AVENIDA,1,-58.39114932,-34.62477387,PEATON,AUTO,2016-02-10 11:30:00,True
1010,1,AV SCALABRINI ORTIZ Y VERA,AVENIDA,15,-58.43760020,-34.59912758,PEATON,AUTO,2016-02-14 05:14:00,True
1011,1,AV REGIMIENTO DE PATRICIOS Y QUINQUELA MARTIN BENITO,AVENIDA,4,-58.36882665,-34.64291993,MOTO,AUTO,2016-02-14 22:00:00,True
1012,1,MARIANO ACOSTA Y ANA MARIA JANER,AVENIDA,8,-58.44989671,-34.65970435,PEATON,MOTO,2016-02-15 16:54:00,True
1013,1,LISANDRO DE LA TORRE Y SEVERO GARCIA GRANDE DE ZEQUEIRA ,CALLE,9,-58.50990884,-34.65468721,PEATON,PEATON,2016-02-17 09:30:00,True
1014,1,SUIPACHA 156,CALLE,1,-58.37952223,-34.60653282,PEATON,AUTO,2016-02-17 16:00:00,True
1015,1,AV DIRECTORIO Y CURAPALIGUE,AVENIDA,7,-58.45157703,-34.63063795,AUTO,AUTO,2016-02-17 23:35:00,True
1016,1,AV 9 DE JULIO Y ADOLFO ALSINA,AVENIDA,1,-58.38144696,-34.61079875,MOTO,AUTO,2016-02-21 06:00:00,True
1017,1,AV GRAL PAZ Y AV 27 DE FEBRERO,AUTOPISTA,8,-58.46244952,-34.70524971,AUTO,AUTO,2016-02-28 04:50:00,True
1018,1,HOLMBERG Y VEDIA,CALLE,12,-58.49216191,-34.54738649,AUTO,OBJETO FIJO,2016-02-28 07:30:00,True
1019,1,CURAPALIGUE Y AVELINO DIAZ,AVENIDA,7,-58.44497874,-34.63852623,AUTO,AUTO,2016-02-28 09:35:00,True
1020,1,VIAMONTE Y AV 9 DE JULIO,AVENIDA,1,-58.38199706,-34.60028648,PEATON,CAMION,2016-03-02 10:00:00,True
1021,1,AV CABILDO Y DEHEZA,AVENIDA,12,-58.47378664,-34.54153077,PEATON,PEATON,2016-03-04 17:30:00,True
1022,1,AV GRAL PAZ Y AV CNEL ROCA,AUTOPISTA,8,-58.47064556,-34.69843756,MOTO,PEATON,2016-03-08 12:30:00,True
1023,1,AV AMANCIO ALCORTA Y BONAVENA,AVENIDA,4,-58.40623949,-34.65076549,PEATON,PEATON,2016-03-12 12:30:00,True
1024,1,AV CORRIENTES Y AV CALLAO,AVENIDA,3,-58.39228965,-34.60443527,MOTO,PEATON,2016-03-13 06:00:00,True
1025,1,HERRERA Y ARISTOBULO DEL VALLE,CALLE,4,-58.37813396,-34.63668504,MOTO,PEATON,2016-03-14 00:15:00,True
1026,1,AV. EVA PERON Y QUIRNO,AVENIDA,7,-58.46275892,-34.64358293,MOTO,MOTO,2016-03-19 11:00:00,True
1027,1,AV GRAL PAZ COLECTORA Y ZUVIRIA,AUTOPISTA,8,-58.49683458,-34.67892743,PEATON,PEATON,2016-03-21 08:06:00,True
1028,1,BARTOLOME MITRE Y AV PUEYRREDON,AVENIDA,3,-58.40603217,-34.60883960,MOTO,PEATON,2016-03-23 01:50:00,True
1029,2,AV DIRECTORIO Y RIVERA INDARTE,AVENIDA,7,-58.46076550,-34.63350444,MOTO,CAMION,2016-03-29 11:00:00,True
1030,1,DELLEPIANE LUIS TTE GRAL COLECTORA Y MURGUIONDO,AVENIDA,8,-58.47832463,-34.67494416,PEATON,CAMION,2016-03-30 18:15:00,True
1031,1,AV JOSE MARIA MORENO Y BALBASTRO,AVENIDA,7,-58.43213235,-34.63693953,MOTO,SD,2016-03-31 19:40:00,True
1032,1,AV GRAL PAZ Y AV DEL LIBERTADOR,AUTOPISTA,13,-58.46743471,-34.53476874,MOTO,SD,2016-04-11 10:25:00,True
1033,1,LIMA 1483,CALLE,1,-58.38247061,-34.62571878,PEATON,PEATON,2016-04-15 05:30:00,True
1034,1,AV. CORRIENTES Y AV. DORREGO,AVENIDA,15,-58.44759966,-34.59170240,PEATON,PEATON,2016-04-15 17:40:00,True
1035,1,"AUTOPISTA 1 SUR PRESIDENTE ARTURO FRONDIZI KM. 0,700",AUTOPISTA,4,-58.37714647568196,-34.63657525428238,SD,SD,2016-04-17 00:00:00,True
1036,1,TIMOTEO GORDILLO Y AV FERNANDEZ DE LA CRUZ,AVENIDA,8,-58.47305463,-34.68550712,PEATON,PEATON,2016-04-19 09:50:00,True
1037,1,AV AMANCIO ALCORTA Y BONAVENA,AVENIDA,4,-58.40623949,-34.65076549,MOTO,CAMION,2016-04-20 04:00:00,True
1038,1,AUTOPISTA LUGONES PK 10000,AUTOPISTA,13,-58.46213220,-34.55395823,MOTO,SD,2016-04-20 20:00:00,True
1039,1,AV TRIUNVIRATO Y AV OLAZABAL,AVENIDA,12,-58.48429180,-34.57558053,PEATON,PEATON,2016-04-22 09:30:00,True
1040,1,AU LUIS DELLEPIANE Y AV GRAL PAZ,AUTOPISTA,8,-58.48695354,-34.68795245,MOTO,MOTO,2016-04-23 21:00:00,True
1041,1,RAMON CASTILLA Y AV FIGUEROA ALCORTA,AVENIDA,14,-58.40021959,-34.57964781,PEATON,CAMION,2016-04-25 20:30:00,True
1042,1,AV LUIS MARIA CAMPOS 30,AVENIDA,14,-58.42957885,-34.57660058,MOTO,OBJETO FIJO,2016-04-26 04:45:00,True
1043,1,LIMA 1471,CALLE,1,-58.38247542,-34.62556293,PEATON,MOTO,2016-05-04 14:00:00,True
1044,1,PASAJE CIUDADELA Y LIMA OESTE,CALLE,1,-58.38222219,-34.62728101,PEATON,PEATON,2016-05-08 16:30:00,True
1045,1,AV JUAN B JUSTO Y AV CARRASCO,AVENIDA,10,-58.49485242,-34.62953445,PEATON,PEATON,2016-05-14 18:11:00,True
1046,1,AV GAONA Y ESPINOSA,AVENIDA,6,-58.45227946,-34.61068024,PEATON,AUTO,2016-05-20 14:40:00,True
1047,1,AV LISANDRO DE LA TORRE Y SARAZA,AVENIDA,8,-58.48455411,-34.67512760,MOTO,PEATON,2016-05-21 17:00:00,True
1048,1,AV FIGUEROA ALCORTA Y AV PUEYRREDON,AVENIDA,2,-58.39056593,-34.58418569,MOTO,PEATON,2016-05-22 22:00:00,True
1049,1,AV ENTRE RIOS Y PASAJE FILIBERTO,AVENIDA,3,-58.39118948,-34.62704273,AUTO,CAMION,2016-05-23 03:30:00,True
1050,1,MAGARIÑOS CERVANTES 3900,CALLE,10,-58.49021952,-34.62025108,MOTO,CAMION,2016-06-11 15:00:00,True
1051,1,AV GRAL PAZ Y RODOLFO SCAPINO,AUTOPISTA,8,-58.49896559,-34.67732118,AUTO,AUTO,2016-06-12 06:40:00,True
1052,1,AUTOPISTA DELLEPIANE LUIS TTE GRAL Y MIRALLA,AUTOPISTA,8,-58.47461076,-34.66874679,PEATON,AUTO,2016-06-12 23:13:00,True
1053,1,AV SAN MARTIN Y CAMARONES,AVENIDA,15,-58.46210891,-34.60356211,PEATON,PEATON,2016-06-13 16:20:00,True
1054,1,TTEG JUAN D PERON Y AVDA LEANDRO N ALEM,AVENIDA,1,-58.37027770,-34.60536123,PEATON,PEATON,2016-06-13 21:52:00,True
1055,1,AV BELGRANO Y AV JUJUY,AVENIDA,3,-58.40491455,-34.61463830,MOTO,MOTO,2016-06-13 23:01:00,True
1056,1,AV DEL LIBERTADOR Y AV GUILLERMO UDAONDO,AVENIDA,13,-58.45504154,-34.54864492,AUTO,AUTO,2016-06-16 17:13:00,True
1057,1,AV GRAL PAZ Y AV RIVADAVIA,AUTOPISTA,9,-58.52927982,-34.63931752,AUTO,SD,2016-06-18 06:42:00,True
1058,1,AV CRISOLOGO LARRALDE Y MACHAIN,AVENIDA,12,-58.48721060,-34.55904606,MOTO,AUTO,2016-06-22 07:42:00,True
1059,1,AV LA PLATA 2384,AVENIDA,4,-58.42273092,-34.64228803,PEATON,AUTO,2016-06-27 18:24:00,True
1060,1,AV JUAN B ALBERDI Y PUAN,AVENIDA,6,-58.44788671,-34.62539009,PEATON,MOTO,2016-06-28 20:46:00,True
1061,1,CARLOS PELLEGRINI Y TUCUMAN,CALLE,1,-58.38110563,-34.60135531,PEATON,PEATON,2016-06-29 22:00:00,True
1062,1,AVDA ITE FRANCISCO RABANAL & AVDA EREZCANO,AVENIDA,4,-58.42378834,-34.65734100,MOTO,SD,2016-06-29 22:00:00,True
1063,1,AV OLIVERA Y RAMON FALCON,AVENIDA,10,-58.48727942,-34.63652467,PEATON,PEATON,2016-06-30 16:10:00,True
1064,1,AUTOPISTA 1 SUR PTE ARTURO FRONDIZI Y AV CASEROS,AUTOPISTA,1,-58.37864583,-34.62907067,MOTO,OBJETO FIJO,2016-07-02 00:10:00,True
1065,1,CERETTI Y NUÑEZ,CALLE,12,-58.50151750,-34.56767549,PEATON,AUTO,2016-07-11 15:30:00,True
1066,1,AV LUGONES Y LA PAMPA,AUTOPISTA,13,-58.43233425,-34.55185825,PEATON,AUTO,2016-07-14 06:40:00,True
1067,1,JERONIMO SALGUERO Y AV RIVADAVIA,AVENIDA,5,-58.41971993,-34.61112240,PEATON,PEATON,2016-07-14 22:00:00,True
1068,1,AV GRAL PAZ Y AV LIBERTADOR ,AUTOPISTA,13,-58.46743471,-34.53476874,MOTO,CAMION,2016-07-15 11:00:00,True
1069,1,AV JUAN B ALBERDI Y EMILIO MITRE,AVENIDA,6,-58.44362126,-34.62301748,AUTO,AUTO,2016-07-17 03:30:00,True
1070,1,MERCEDES Y AV GRAL MOSCONI,AVENIDA,11,-58.51713095,-34.59546519,MOTO,AUTO,2016-07-23 06:12:00,True
1071,1,"AUTOPISTA DELLEPIANE LUIS TTE. GRAL. KM. 2,3",AUTOPISTA,8,-58.47433193007387,-34.66684950051973,MOTO,CAMION,2016-07-25 07:00:00,True
1072,1,SOLIS Y MEXICO,CALLE,1,-58.39038605,-34.61562810,PEATON,AUTO,2016-07-26 18:45:00,True
1073,1,AV SAN JUAN Y ALBERTI,AVENIDA,3,-58.40042405,-34.62356174,MOTO,CAMION,2016-07-27 16:08:00,True
1074,1,AV GRAL MOSCONI Y AV GRAL PAZ,AUTOPISTA,11,-58.52340614,-34.59798754,CAMION,CAMION,2016-07-29 16:00:00,True
1075,1,AV GRAL PAZ  Y DONADO,AUTOPISTA,12,-58.49491054,-34.54795581,MOTO,OBJETO FIJO,2016-08-03 23:27:00,True
1076,1,AV GRAL PAZ Y JORGE CHAVEZ,AUTOPISTA,9,-58.52932872,-34.65014993,SD,SD,2016-08-07 19:42:00,True
1077,1,AV EVA PERON Y JOSE LEON SUAREZ,AVENIDA,9,-58.50011639,-34.67316502,MOTO,CAMION,2016-08-10 23:37:00,True
1078,1,ZINNY Y AV SANTIAGO DE COMPOSTELA,AVENIDA,9,-58.46635001,-34.65624369,MOTO,PEATON,2016-08-14 21:15:00,True
1079,1,AV FEDERICO LACROZE Y FRAGA,AVENIDA,15,-58.45343236,-34.58435809,PEATON,PEATON,2016-08-17 00:05:00,True
1080,1,CARLOS PELLEGRINI Y AV DEL LIBERTADOR,AVENIDA,1,-58.38090932,-34.58927731,PEATON,PEATON,2016-08-19 21:02:00,True
1081,1,AUTOPISTA 9 DE JULIO SUR ALT AV MENDOZA,AUTOPISTA,4,-58.37157668,-34.65429986,MOTO,AUTO,2016-08-20 08:22:00,True
1082,1,AUTOPISTA PERITO MORENO Y BARRAGAN,AUTOPISTA,9,-58.52280139,-34.63659934,AUTO,OBJETO FIJO,2016-08-24 05:45:00,True
1083,1,AV ALBERDI Y CARHUE,AVENIDA,9,-58.51232237,-34.65903530,PEATON,SD,2016-08-24 20:21:00,True
1084,1,AUTOPISTA LEOPOLDO LUGONES Y LA PAMPA,AUTOPISTA,15,-58.47461905,-34.57663634,MOTO,CAMION,2016-08-25 09:30:00,True
1085,1,AUTOPISTA 25 DE MAYO AUTOPISTA 1 SUR ARTURO FRONDIZI,AUTOPISTA,1,-58.38268809,-34.62282019,MOTO,OBJETO FIJO,2016-08-27 04:40:00,True
1086,1,AV JUAN BAUTISTA ALBERDI Y GUARDIA NACIONAL,AVENIDA,9,-58.49603546,-34.64564271,PEATON,PEATON,2016-08-27 16:45:00,True
1087,1,SALGUERO 1410,CALLE,14,-58.41848605,-34.59394733,CICLISTA,CAMION,2016-08-31 11:20:00,True
1088,1,ARIAS Y TRONADOR,CALLE,12,-58.48935041,-34.54917673,SD,CAMION,2016-09-02 11:50:00,True
1089,1,AV 27 DE FEBRERO Y AV ESCALADA,AVENIDA,8,-58.44451316,-34.68475866,MOTO,AUTO,2016-09-02 20:20:00,True
1090,1,AV DEL LIBERTADOR Y TAGLE,AVENIDA,14,-58.39936478,-34.58271474,AUTO,AUTO,2016-09-03 15:30:00,True
1091,1,AUTOPISTA 1 SUR PTE ARTURO FRONDIZI KM 2.9,AUTOPISTA,1,-58.37936704,-34.62694503,AUTO,AUTO,2016-09-04 03:30:00,True
1092,1,CRISOLOGO LARRALDE Y AVDA TRIUNVIRATO,AVENIDA,12,-58.49659234,-34.56353635,SD,SD,2016-09-04 06:40:00,True
1093,1,AV EVA PERON 4233,AVENIDA,9,-58.47256391,-34.65194557,CICLISTA,PEATON,2016-09-13 07:10:00,True
1094,1,AV ASAMBLEA Y AV CNEL ESTEBAN BONORINO,AVENIDA,7,-58.45130953,-34.64053676,MOTO,AUTO,2016-09-14 09:00:00,True
1095,1,AVDA RIVADAVIA Y RIVERA INDARTE,AVENIDA,7,-58.46271207,-34.62884871,PEATON,PEATON,2016-09-16 15:24:00,True
1096,1,AUTOPISTA PERITO MORENO Y AV JUAN B ALBERDI,AUTOPISTA,10,-58.49020869,-34.64243791,MOTO,MOTO,2016-09-17 12:14:00,True
1097,2,IRIGOYEN Y TINOGASTA,CALLE,10,-58.52572109,-34.62125906,AUTO,CAMION,2016-09-18 22:45:00,True
1098,1,AV MARIANO ACOSTA Y AV CNEL ROCA,AVENIDA,8,-58.44094791,-34.66677111,PEATON,PEATON,2016-09-24 10:25:00,True
1099,1,CASTRO Y AV PAVON,AVENIDA,5,-58.41914024,-34.63053890,PEATON,PEATON,2016-10-02 11:30:00,True
1100,1,AUTOPISTA 9 DE JULIO SUR Y AV BRASIL,AUTOPISTA,1,-58.37910942,-34.62764717,MOTO,CAMION,2016-10-04 12:30:00,True
1101,1,MIRAVE 3500,CALLE,4,-58.39871183,-34.64539318,PEATON,AUTO,2016-10-09 19:13:00,True
1102,1,AV SAN JUAN Y 24 DE NOVIEMBRE,AVENIDA,3,-58.41036975,-34.62477021,AUTO,PEATON,2016-10-10 02:30:00,True
1103,1,AV LAS HERAS Y SANCHEZ DE BUSTAMANTE,AVENIDA,14,-58.40204698,-34.58342690,MOTO,AUTO,2016-10-14 00:05:00,True
1104,1,AV PIEDRA BUENA Y 2 DE ABRIL 1982,AVENIDA,8,-58.48935287,-34.67648597,MOTO,OBJETO FIJO,2016-10-23 05:00:00,True
1105,1,AV FIGUEROA ALCORTA  Y PINEDO,AVENIDA,14,-58.42260225,-34.56403694,PEATON,SD,2016-10-24 05:00:00,True
1106,1,AU BUENOS AIRES - LA PLATA KM. 4,AUTOPISTA,4,-58.35791192,-34.63695178,MOTO,CAMION,2016-10-25 00:00:00,True
1107,1,AV SAN MARTIN Y LADINES,AVENIDA,11,-58.51537091,-34.59035925,MOTO,MOTO,2016-10-25 00:39:00,True
1108,1,AV CABILDO Y BLANCO ENCALADA,AVENIDA,13,-58.45909670,-34.55922742,CICLISTA,CAMION,2016-10-27 20:30:00,True
1109,1,AV PRESIDENTE FIGUEROA ALCORTA Y AV DORREGO,AVENIDA,14,-58.42008769,-34.56539579,MOTO,MOTO,2016-10-28 23:00:00,True
1110,1,AV JURAMENTO Y VUELTA DE OBLIGADO,AVENIDA,13,-58.45566399,-34.56147293,PEATON,PEATON,2016-10-31 02:58:00,True
1111,1,AV DEL LIBERTADOR Y AV RAMOS MEJIA,AVENIDA,1,-58.37533517,-34.59276462,MOTO,PEATON,2016-11-05 23:30:00,True
1112,1,AV 27 DE FEBRERO Y AV ESCALADA,AVENIDA,8,-58.44451316,-34.68475866,MOTO,SD,2016-11-06 04:41:00,True
1113,1,AV. ALTE. BROWN 984,AVENIDA,4,-58.35975012,-34.63343907,PEATON,PEATON,2016-11-07 12:10:00,True
1114,1,AV DEL LIBERTADOR Y LA PAMPA,AVENIDA,13,-58.44523595,-34.55953855,MOTO,AUTO,2016-11-07 20:56:00,True
1115,1,PICHINCHA Y AV BRASIL,AVENIDA,4,-58.39626094,-34.63036565,PEATON,PEATON,2016-11-09 20:00:00,True
1116,1,AV INDEPENDENCIA Y VIRREY CEVALLOS,AVENIDA,1,-58.38896772,-34.61799615,AUTO,PEATON,2016-11-16 21:15:00,True
1117,1,AV GARMENDIA 4895,AVENIDA,15,-58.46536113,-34.59484504,MOTO,MOTO,2016-11-16 22:20:00,True
1118,1,AV AMANCIO ALCORTA Y DIOGENES TABORDA,AVENIDA,4,-58.40879146,-34.65273216,CAMION,CAMION,2016-11-18 18:20:00,True
1120,1,AV PERITO MORENO Y ZUVIRIA,AVENIDA,7,-58.46451841,-34.64991946,MOTO,AUTO,2016-11-23 21:10:00,True
1121,1,ARAOZ Y AV CORDOBA,AVENIDA,15,-58.42917090,-34.59485488,PEATON,MOTO,2016-11-25 15:42:00,True
1122,1,AV GRAL PAZ 15200,AUTOPISTA,8,-58.49007772,-34.68251141,MOTO,MOTO,2016-11-26 14:14:00,True
1123,1,MADERO 900,CALLE,10,-58.52756365,-34.62772274,PEATON,AUTO,2016-11-26 16:50:00,True
1124,1,AV INDEPENDENCIA Y DEAN FUNES,AVENIDA,3,-58.40638983,-34.61943202,MOTO,PEATON,2016-11-26 19:40:00,True
1125,1,AV JUAN B JUSTO 5645,AVENIDA,11,-58.47576807,-34.61740997,MOTO,MOTO,2016-12-03 06:40:00,True
1126,1,AV 27 DE FEBRERO Y AV ESCALADA,AVENIDA,8,-58.44451316,-34.68475866,AUTO,SD,2016-12-04 07:21:00,True
1127,1,AUTOPISTA PERITO MORENO ALTURA VELZ,AUTOPISTA,9,-58.51927194,-34.63635787,CAMION,OBJETO FIJO,2016-12-06 05:30:00,True
1128,1,AV SANTA FE Y GODOY CRUZ,AVENIDA,14,-58.42525456,-34.57866344,PEATON,PEATON,2016-12-06 07:22:00,True
1129,1,AV FEDERICO LACROZE Y AV FOREST,AVENIDA,15,-58.45396573,-34.58518167,PEATON,AUTO,2016-12-07 05:00:00,True
1130,1,AV GRAL PAZ Y AV GENERAL MOSCONI,AUTOPISTA,11,-58.52340614,-34.59798754,MOTO,AUTO,2016-12-10 07:30:00,True
1131,1,AV LA PLATA Y CNEL GREGORIO POMAR,AVENIDA,4,-58.42323628,-34.64119105,AUTO,AUTO,2016-12-11 06:16:00,True
1132,1,AV MARTIN GARCIA 300,AVENIDA,4,-58.36926144,-34.62841919,CICLISTA,PEATON,2016-12-12 08:25:00,True
1133,1,AV LA PLATA Y CNEL GREGORIO POMAR,AVENIDA,4,-58.42323628,-34.64119105,MOTO,AUTO,2016-12-13 10:40:00,True
1134,1,NUÑEZ Y AV RICARDO BALBIN,AVENIDA,12,-58.47935434,-34.55676497,MOTO,PEATON,2016-12-15 15:30:00,True
1135,1,AV GRAL PAZ 4500,AUTOPISTA,12,-58.50598256,-34.56379980,MOTO,AUTO,2016-12-19 17:10:00,True
1136,1,AU BUENOS AIRES - LA PLATA Y AU 25 DE MAYO,AUTOPISTA,1,-58.36607137,-34.62150748,MOTO,MOTO,2016-12-25 19:00:00,True
1137,1,AV GARAY Y CASTRO,AVENIDA,5,-58.41918902,-34.63174259,MOTO,CAMION,2016-12-26 08:00:00,True
1138,1,AV DIRECTORIO Y AV SAN PEDRITO,AVENIDA,7,-58.46749188,-34.63551751,MOTO,CAMION,2016-12-26 19:52:00,True
1140,1,CNEL RAMON L FALCON Y MEMBRILLAR,CALLE,7,-58.46064174,-34.62960517,PEATON,CICLISTA,2016-12-27 08:15:00,True
1141,1,AV BELGRANO Y AV PASEO COLON,AVENIDA,1,-58.36956186,-34.61232875,MOTO,PEATON,2016-12-28 01:41:00,True
1142,1,ARENALES 3319,CALLE,14,-58.40966671,-34.58788235,PEATON,AUTO,2016-12-29 04:00:00,True
1143,1,REPUBLICA BOLIVARIANA DE VENEZUELA Y SAAVEDRA,CALLE,3,-58.40288226,-34.61544091,PEATON,SD,2016-12-30 16:18:00,True
1144,1,AV. JUAN B JUSTO Y ACHUPALLAS,AVENIDA,11,-58.46594230,-34.61028571,MOTO,CAMION,2017-01-02 01:00:00,True
1145,1,OLAVARRIA Y AV. VELEZ SARSFIELD,AVENIDA,4,-58.38957669,-34.64410277,CAMION,CAMION,2017-01-05 03:10:00,True
1146,1,LIMA Y MEXICO,CALLE,1,-58.38161660,-34.61529543,PEATON,SD,2017-01-11 17:00:00,True
1147,1,JOSE A CABRERA Y BONPLAND,CALLE,14,-58.43917004,-34.58494351,MOTO,PEATON,2017-01-16 00:40:00,True
1148,1,AU 25 DE MAYO Y AV. BOEDO,AUTOPISTA,5,-58.41595919,-34.62743346,MOTO,CAMION,2017-01-16 13:56:00,True
1149,1,AV. DIRECTORIO Y RIGLOS,AVENIDA,6,-58.43564880,-34.62828656,MOTO,AUTO,2017-01-16 16:30:00,True
1150,1,AV. GRAL. PAZ Y AV. R. BALBIN,AUTOPISTA,12,-58.50073810,-34.54979510,MOTO,OBJETO FIJO,2017-01-22 02:30:00,True
1151,1,TRAFUL Y DIOGENES TABORDA,CALLE,4,-58.40969005,-34.65055290,MOTO,CAMION,2017-01-24 14:00:00,True
1152,1,IRIARTE 3055,AVENIDA,4,-58.38972622,-34.65098981,PEATON,CAMION,2017-01-27 07:00:00,True
1153,1,AV. DONADO Y ARIAS,AVENIDA,12,-58.49185972,-34.55046754,MOTO,SD,2017-01-28 08:27:34,True
1154,1,CORDOBA AV. Y CALLAO,AVENIDA,2,-58.39293417,-34.59963642,PEATON,AUTO,2017-02-02 15:18:03,True
1155,1,"AU 25 DE MAYO, KILOMETRO 8.3, SENTIDO HACIA PROVINCIA DE BUENOS AIRES, C.A.B.A.",AUTOPISTA,1,-58.38099494,-34.62288231,MOTO,CAMION,2017-02-03 05:12:21,True
1156,1,AV. JUAN B JUSTO Y PARAGUAY,AVENIDA,14,-58.42901200,-34.58095431,MOTO,AUTO,2017-02-06 08:00:00,True
1157,1,AV. GRAL. PAZ Y AV. DE LOS CORRALES,AUTOPISTA,9,-58.50877521,-34.66977709,MOTO,AUTO,2017-02-09 07:00:00,True
1158,1,SARMIENTO Y LIBERTAD,CALLE,1,-58.38362373,-34.60509972,MOTO,PEATON,2017-02-18 05:30:00,True
1159,1,AV. RIVADAVIA 7121,AVENIDA,7,-58.46589308,-34.62955795,PEATON,PEATON,2017-02-23 20:50:00,True
1160,1,AV. FERNANDEZ DE LA CRUZ Y RIVERA INDARTE,AVENIDA,7,-58.43614426,-34.65424640,MOTO,SD,2017-02-24 17:05:00,True
1161,2,AV. PERITO MORENO Y FOURNIER,AVENIDA,4,-58.41842777,-34.64979057,AUTO,OBJETO FIJO,2017-02-26 05:15:00,True
1162,1,AV. CASEROS 1429,AVENIDA,1,-58.38332245,-34.63193250,PEATON,AUTO,2017-02-26 21:57:00,True
1163,1,AV. GAONA Y FRAGATA SARMIENTO,AVENIDA,6,-58.45475488,-34.61196327,PEATON,AUTO,2017-02-28 09:20:00,True
1164,1,MOZART Y TANDIL,CALLE,9,-58.48501341,-34.64742455,SD,AUTO,2017-03-07 02:15:00,True
1165,1,MOZART Y COLECTORA AV. TTE. LUIS J DELLEPIANE,AVENIDA,9,-58.47010988,-34.65872088,AUTO,PEATON,2017-03-07 08:00:00,True
1166,1,24 DE NOVIEMBRE Y PAVON ,CALLE,3,-58.40997560,-34.62873635,AUTO,OBJETO FIJO,2017-03-11 01:30:00,True
1167,1,AV. GRAL. PAZ Y PEDRO DE MENDOZA,AUTOPISTA,8,-58.48892175,-34.68359163,AUTO,AUTO,2017-03-12 05:00:00,True
1168,1,AV. GRAL. PAZ KM. 10,AUTOPISTA,11,-58.52466448,-34.60325478,AUTO,AUTO,2017-03-12 07:30:00,True
1169,1,GODOY CRUZ 2651,CALLE,14,-58.42554218,-34.57929036,PEATON,AUTO,2017-03-13 07:50:00,True
1170,3,AV. DR. TRISTAN ACHAVAL RODRIGUEZ Y BLVD. AZUCENA VILLAFLOR,AVENIDA,1,-58.35881506,-34.61113641,AUTO,OBJETO FIJO,2017-03-23 05:00:00,True
1171,2,CURUPAYTI Y COLECTORA AV. GRAL. PAZ,AUTOPISTA,12,-58.51452347,-34.58159762,MOTO,PEATON,2017-03-29 18:00:00,True
1172,1,AV. INDEPENDENCIA Y VIRREY CEVALLOS,AVENIDA,1,-58.38896772,-34.61799615,MOTO,CAMION,2017-03-31 03:00:00,True
1173,1,AV. CASTAÑARES Y LAUTARO,AVENIDA,7,-58.44516857,-34.64363363,MOTO,AUTO,2017-04-01 19:00:00,True
1174,1,CAMINO CIUDAD UNUVERSITARIA Y AV. TTE. GUIRALDES,AVENIDA,13,-58.43834197,-34.54560369,AUTO,SD,2017-04-03 09:40:00,True
1175,1,BALDOMERO FERNANDEZ MORENO 2186,CALLE,7,-58.45485084,-34.63531854,MOTO,AUTO,2017-04-03 23:15:00,True
1176,1,AV. LEOPOLDO LUGONES PKM 6900,AUTOPISTA,14,-58.41316147,-34.57579669,MOTO,CAMION,2017-04-10 09:00:00,True
1177,1,NOGOYA 5940,CALLE,10,-58.52449285,-34.62454175,MOTO,OBJETO FIJO,2017-04-14 06:15:00,True
1178,1,AV. ARGENTINA Y AV. CORVALAN,AVENIDA,8,-58.46713742,-34.67198790,MOTO,AUTO,2017-04-23 06:30:00,True
1179,1,AV. FERNANDEZ DE LA CRUZ Y VARELA,AVENIDA,8,-58.43850413,-34.65554754,PEATON,PEATON,2017-04-27 18:16:00,True
1180,2,AU PERITO MORENO Y RAMAL ENLACE AU1/AU6,AUTOPISTA,9,-58.47066794,-34.65021673,MOTO,CAMION,2017-04-28 11:08:08,True
1181,1,AU DELLEPIANE 2400,AUTOPISTA,7,-58.43980799,-34.65094083,AUTO,AUTO,2017-05-01 03:47:47,True
1182,1,AV. GRAL. PAZ Y GOLETA JULIA,AUTOPISTA,8,-58.49413799,-34.68095739,PEATON,CAMION,2017-05-05 03:40:00,True
1183,1,VIEYTES Y VILLARINO,CALLE,4,-58.37547846,-34.65326075,MOTO,CAMION,2017-05-05 20:16:22,True
1184,1,AV. DE LOS CONSTITUYENTES Y PEDRO MORAN,AVENIDA,15,-58.48680218,-34.58689719,MOTO,AUTO,2017-05-07 21:00:00,True
1185,1,AV. DE LOS CONSTITUYENTES 4900,AVENIDA,12,-58.49563989,-34.57962262,AUTO,AUTO,2017-05-09 08:30:00,True
1186,1,AV. CORDOBA Y LIBERTAD,AVENIDA,1,-58.38403232,-34.59915940,PEATON,MOTO,2017-05-09 23:10:00,True
1187,1,BRASIL Y LIMA,CALLE,1,-58.38223382,-34.62693865,PEATON,PEATON,2017-05-11 09:24:00,True
1188,1,AV. ESCALADA Y AV. FERNANDEZ DE LA CRUZ,AVENIDA,8,-58.45966521,-34.67323292,MOTO,OBJETO FIJO,2017-05-13 07:20:00,True
1189,1,PARAGUAY Y AV. CALLAO ,AVENIDA,2,-58.39303911,-34.59871111,PEATON,MOTO,2017-05-15 13:29:30,True
1190,1,AV. JUAN B JUSTO Y SAN BLAS,AVENIDA,10,-58.51262106,-34.63395999,MOTO,CAMION,2017-05-15 16:00:00,True
1191,1,CHILE Y AV. 9 DE JULIO,AVENIDA,1,-58.38118367,-34.61646839,PEATON,PEATON,2017-05-17 10:13:00,True
1192,1,MAIPU Y PERON,CALLE,1,-58.37653284,-34.60582475,CAMION,AUTO,2017-05-20 05:00:00,True
1193,1,AV. SUAREZ Y HERRERA,AVENIDA,4,-58.37709334,-34.64035082,CICLISTA,CAMION,2017-05-22 16:00:00,True
1194,1,AV. SAN MARTIN Y FRAGATA SARMIENTO,AVENIDA,15,-58.46002142,-34.60409469,PEATON,PEATON,2017-05-22 18:10:00,True
1195,1,AV. DIRECTORIO Y AV. JOSE MARIA MORENO,AVENIDA,6,-58.43381970,-34.62801894,MOTO,CAMION,2017-05-23 02:45:00,True
1196,1,AV. TTE. FRANCISCO RABANAL 2950,AVENIDA,8,-58.43580656,-34.66437532,MOTO,OBJETO FIJO,2017-05-27 19:50:00,True
1197,1,AV. GRAL. PAZ Y ULRICO SCHMIDL,AUTOPISTA,9,-58.52173071,-34.65997463,MOTO,SD,2017-05-24 14:15:00,True
1198,1,NUEVA YORK  3696,CALLE,11,-58.50791763,-34.59804273,PEATON,AUTO,2017-05-30 13:20:00,True
1199,1,AV. DE LOS CONSTITUYENTES Y VALLEJOS,AVENIDA,12,-58.49175088,-34.58226957,AUTO,AUTO,2017-06-03 23:20:00,True
1200,1,AV. CORRIENTES Y ECUADOR,AVENIDA,3,-58.40781467,-34.60425669,MOTO,AUTO,2017-06-04 09:00:00,True
1201,1,CASCO 133,CALLE,9,-58.52567073,-34.63787791,SD,SD,2017-06-04 12:50:00,True
1202,1,AV. DE MAYO Y AV. 9 DE JULIO,AVENIDA,1,-58.38154200,-34.60906385,PEATON,MOTO,2017-06-12 22:38:00,True
1203,1,AV. RAMON CASTILLO Y CALLE 12,AVENIDA,2,-58.38526125,-34.57805810,PEATON,CAMION,2017-06-13 14:50:00,True
1204,1,FRAY JUSTO SANTAMARIA DE ORO 1930,CALLE,14,-58.42934104,-34.58451712,MOTO,CAMION,2017-06-17 23:45:00,True
1205,1,MEXICO Y DEAN FUNES,CALLE,3,-58.40657493,-34.61781124,MOTO,CAMION,2017-06-19 16:26:00,True
1206,1,AV. JUAN B ALBERDI Y AV. ESCALADA,AVENIDA,9,-58.49525314,-34.64487785,PEATON,CAMION,2017-06-22 10:15:00,True
1207,1,AV. ENTRE RIOS Y AV. BRASIL,AVENIDA,4,-58.39092851,-34.62932696,PEATON,AUTO,2017-06-25 22:40:00,True
1208,1,AV. JUAN B ALBERDI Y GUARDIA NACIONAL,AVENIDA,9,-58.49603546,-34.64564271,MOTO,CAMION,2017-07-04 00:25:00,True
1209,1,AV. DEL LIBERTADOR Y RODRIGUEZ PEÑA,AVENIDA,2,-58.38502878,-34.58703485,PEATON,PEATON,2017-07-05 12:49:00,True
1210,1,TACUARI Y AV. MARTIN GARCIA,AVENIDA,4,-58.37261143,-34.63150425,PEATON,PEATON,2017-07-07 14:15:00,True
1211,1,AV. RIVADAVIA Y MURGUIONDO,AVENIDA,9,-58.51876802,-34.63905965,PEATON,MOTO,2017-07-09 07:30:00,True
1212,1,24 DE NOVIEMBRE 390,CALLE,3,-58.41095567,-34.61516101,PEATON,AUTO,2017-07-10 10:45:00,True
1213,1,AV. PASEO COLON Y BRASIL,AVENIDA,1,-58.36797542,-34.62519403,PEATON,PEATON,2017-07-10 22:30:00,True
1214,1,MARTINIANO LEGUIZAMON 901,CALLE,9,-58.51514709,-34.64787051,SD,AUTO,2017-07-13 12:05:00,True
1215,1,AV. CHIVILCOY Y COLECTORA AV. GRAL. PAZ ,AUTOPISTA,11,-58.51925642,-34.59171721,PEATON,AUTO,2017-07-15 05:15:00,True
1216,1,SUPERI Y AV. GRAL. PAZ,AUTOPISTA,12,-58.48671535,-34.54321216,MOTO,SD,2017-07-15 13:00:00,True
1217,1,AU 25 DE MAYO Y AU FRONDIZI (9 DE JULIO SUR),AUTOPISTA,1,-58.38268809,-34.62282019,PEATON,AUTO,2017-07-24 22:16:01,True
1218,1,"AV. LEOPOLDO LUGONES KM 7,5, ALTURA PUENTE SCALABRINI ORTIZ, SENTIDO A CENTRO PORTEÑO",AUTOPISTA,13,-58.43633522,-34.54966288,PEATON,AUTO,2017-07-25 16:48:40,True
1219,1,VICTOR HUGO 2639,CALLE,10,-58.52640838,-34.61765855,CICLISTA,CAMION,2017-07-27 08:50:00,True
1220,1,AV. CORDOBA Y JERONIMO SALGUERO,AVENIDA,14,-58.41894306,-34.59778875,MOTO,AUTO,2017-08-06 08:00:00,True
1221,1,AV. CABILDO Y NUÑEZ,AVENIDA,13,-58.46756026,-34.54972741,PEATON,PEATON,2017-08-07 19:50:00,True
1222,1,JOSE BONIFACIO 2114,CALLE,7,-58.45715752,-34.63132912,PEATON,AUTO,2017-08-08 12:10:00,True
1223,1,AV. PTE FIGUEROA ALCORTA 5400,AVENIDA,14,-58.42406784,-34.56213916,CICLISTA,AUTO,2017-08-17 19:45:00,True
1224,1,VENEZUELA 2135,CALLE,3,-58.39674470,-34.61512051,MOTO,OBJETO FIJO,2017-08-21 07:45:00,True
1225,1,AV. FCO. LACROZE Y ZAPATA,AVENIDA,13,-58.44537508,-34.57084818,PEATON,SD,2017-08-23 10:00:00,True
1226,1,IRIARTE Y ZAVALETA,AVENIDA,4,-58.40056767,-34.65107080,PEATON,CAMION,2017-08-24 01:10:00,True
1227,1,AV. 9 DE JULIO Y ESTADOS UNIDOS,AVENIDA,1,-58.38109568,-34.61853244,PEATON,CAMION,2017-08-25 09:00:00,True
1228,1,FRAY JUSTO SANTAMARIA DE ORO Y GUEMES,CALLE,14,-58.42533612,-34.58035258,PEATON,PEATON,2017-08-31 19:50:00,True
1229,1,AV. DEL LIBERTADOR Y JARAMILLO,AVENIDA,13,-58.46062311,-34.54395182,MOTO,CAMION,2017-09-01 11:30:00,True
1230,2,AV. GRAL. PAZ Y MACHAIN,AUTOPISTA,12,-58.49491054,-34.54795581,OBJETO FIJO,AUTO,2017-09-02 04:53:08,True
1231,1,AV. DIRECTORIO Y PORTELA,AVENIDA,7,-58.47130269,-34.63665402,MOTO,AUTO,2017-09-04 21:00:00,True
1232,1,LAVALLE Y AV. LEANDRO N ALEM,AVENIDA,1,-58.37048800,-34.60189492,PEATON,PEATON,2017-09-06 14:15:00,True
1233,1,USPALLATA Y PIROVANO,CALLE,4,-58.42023854,-34.64234110,PEATON,CAMION,2017-09-07 18:23:37,True
1234,2,AU 25 DE MAYO Y AV. VARELA,AUTOPISTA,7,-58.45807401,-34.63997430,AUTO,OBJETO FIJO,2017-09-10 09:32:17,True
1235,1,AV. SANTA FE Y MAIPU,AVENIDA,1,-58.37697717,-34.59573848,PEATON,PEATON,2017-09-11 06:30:00,True
1236,1,AV. ALVEAR Y AV. DEL LIBERTADOR,AVENIDA,2,-58.39100580,-34.58498660,AUTO,OBJETO FIJO,2017-09-15 02:30:00,True
1237,1,AV. PAVON Y TREINTA Y TRES ORIENTALES,AVENIDA,5,-58.42182126,-34.63089661,MOTO,CICLISTA,2017-09-19 18:52:33,True
1238,1,COLECTORA AV. GRAL. PAZ 5750,AUTOPISTA,12,-58.51389422,-34.58075791,MOTO,OBJETO FIJO,2017-09-20 22:24:00,True
1239,1,VIEYTES Y CRUZ,AVENIDA,4,-58.37585415,-34.65232158,MOTO,AUTO,2017-09-22 07:02:09,True
1240,1,AU DELLEPIANE Y AV. ESCALADA,AUTOPISTA,9,-58.47297505,-34.66245085,MOTO,CAMION,2017-10-02 15:55:33,True
1241,1,ALBARIÑO Y AV. ARGENTINA,AVENIDA,8,-58.46855503,-34.67216349,PEATON,AUTO,2017-10-10 01:05:38,True
1242,1,JUAN RAMIREZ DE VELAZCO 1211,CALLE,15,-58.44254033,-34.59185043,MOTO,PEATON,2017-10-12 14:40:28,True
1243,1,AV. FERNANDEZ DE LA CRUZ Y LARRAYA,AVENIDA,8,-58.46622247,-34.67926929,MOTO,OBJETO FIJO,2017-10-13 06:12:20,True
1244,2,AV. RIESTRA Y CAÑADA DE GOMEZ,AVENIDA,8,-58.48003734,-34.68148508,AUTO,OBJETO FIJO,2017-10-14 06:15:00,True
1245,1,GALLO Y AV. CORDOBA,AVENIDA,2,-58.41192137,-34.59800248,MOTO,MOTO,2017-10-16 07:45:00,True
1246,1,DR. JUAN F. ARANGUREN 611,CALLE,6,-58.44034689,-34.61349731,PEATON,PEATON,2017-10-17 12:30:00,True
1247,1,AU PERITO MORENO Y AU 25 DE MAYO,AUTOPISTA,9,-58.47155277,-34.64925746,MOTO,PEATON,2017-10-26 19:15:15,True
1248,1,CHORROARIN Y AV. SAN MARTIN,AVENIDA,15,-58.47883099,-34.59967065,AUTO,CAMION,2017-10-27 05:30:00,True
1249,1,COSQUIN Y AV. CNEL. ROCA,AVENIDA,8,-58.46552171,-34.69374130,MOTO,PEATON,2017-10-30 14:00:00,True
1250,1,AV. CNEL. ROCA 3555,AVENIDA,8,-58.44239720,-34.66777987,PEATON,PEATON,2017-11-06 18:00:00,True
1251,1,AV. WARNES Y PUNTA ARENAS,AVENIDA,15,-58.47032551,-34.59626814,MOTO,CAMION,2017-11-07 12:14:10,True
1252,1,DEL BARCO CENTENERA Y RABANAL,AVENIDA,4,-58.41827843,-34.65522746,PEATON,PEATON,2017-11-16 08:43:00,True
1253,1,AV. GRAL. ENRIQUE MOSCONI Y SAN NICOLAS,AVENIDA,11,-58.51280715,-34.59279388,PEATON,CAMION,2017-11-17 11:45:00,True
1254,1,AV. LAFUENTE Y AV. EVA PERON,AVENIDA,7,-58.46258582,-34.64385704,MOTO,OBJETO FIJO,2017-11-19 10:30:00,True
1255,1,AV. CNEL. ROCA Y AV. ESCALADA,AVENIDA,8,-58.45064148,-34.68003614,AUTO,OBJETO FIJO,2017-11-19 22:30:00,True
1256,1,AU ARTURO FRONDIZI PKM 3100,AUTOPISTA,4,-58.41827843,-34.65522746,MOTO,PEATON,2017-11-19 23:22:17,True
1257,1,AV. LA PLATA Y AV. PEDRO GOYENA,AVENIDA,6,-58.42717783,-34.62513374,PEATON,PEATON,2017-11-23 19:45:00,True
1258,1,TRELLES Y GRAL. CESAR DIAZ,CALLE,11,-58.46442001,-34.60724519,AUTO,PEATON,2017-11-25 21:45:00,True
1259,1,AV. CNEL. ROCA Y COLECTORA AV. GRAL. PAZ,AUTOPISTA,8,-58.47064556,-34.69843756,AUTO,OBJETO FIJO,2017-11-26 06:45:00,True
1260,1,MAZA Y DON BOSCO,CALLE,5,-58.41677733,-34.61223119,MOTO,AUTO,2017-11-26 17:05:00,True
1261,1,AV. GRAL. PAZ Y AV. EVA PERON,AUTOPISTA,9,-58.50251790,-34.67450313,MOTO,AUTO,2017-11-28 11:15:00,True
1262,1,AV. SAN JUAN Y LA RIOJA,AVENIDA,3,-58.40708125,-34.62438894,PEATON,PEATON,2017-11-29 10:45:00,True
1263,1,AV. PASEO COLON Y MEXICO,AVENIDA,1,-58.36947198,-34.61477051,PEATON,PEATON,2017-11-30 12:20:00,True
1264,1,AV. RIVADAVIA Y MIRALLA,AVENIDA,9,-58.51140889,-34.63934531,PEATON,AUTO,2017-12-04 01:15:00,True
1265,1,VIEYTES Y LUJAN,CALLE,4,-58.37460912,-34.65559133,PEATON,PEATON,2017-12-04 02:15:00,True
1266,1,CACHI Y TRAFUL,CALLE,4,-58.41146277,-34.65073916,CICLISTA,PEATON,2017-12-06 17:30:00,True
1267,2,ROSARIO Y AV. LA PLATA,AVENIDA,6,-58.42855267,-34.61829385,MOTO,PEATON,2017-12-11 02:00:00,True
1268,1,AV. ENTRE RIOS Y AV. CASEROS ,AVENIDA,4,-58.39035581,-34.63412287,PEATON,PEATON,2017-12-11 09:15:00,True
1269,1,AV. RIVADAVIA 6350,AVENIDA,7,-58.45593915,-34.62656868,SD,MOTO,2017-12-12 21:25:41,True
1270,1,AV. GRAL. PAZ Y HUMAITA,AUTOPISTA,9,-58.52866211,-34.64597065,AUTO,PEATON,2017-12-17 09:02:00,True
1271,1,GUALEGUAYCHU Y COLECTORA AV. GRAL PAZ,AUTOPISTA,11,-58.52037476,-34.59407024,MOTO,AUTO,2017-12-18 21:30:00,True
1272,1,AV. INDEPENDENCIA Y VIRREY CEVALLOS,AVENIDA,1,-58.38896772,-34.61799615,MOTO,AUTO,2017-12-20 04:31:27,True
1273,1,AV. NAZCA 365,AVENIDA,7,-58.47074114,-34.62771756,PEATON,MOTO,2017-12-22 13:15:00,True
1274,1,AV. EVA PERON 5249,AVENIDA,9,-58.48200819,-34.65969965,PEATON,AUTO,2017-12-26 15:30:00,True
1275,1,San Juan Av. Y Rincón,AVENIDA,3,-58.39536773,-34.62297346,PEATON,MOTO,2018-01-01 22:50:00,True
1276,1,Peru 937,CALLE,1,-58.37456088,-34.61895467,CICLISTA,PEATON,2018-01-03 16:40:00,True
1277,1,"Pueyrredon, Honorio, Dr. Av. y Galicia",AVENIDA,15,-58.44860217,-34.60395657,PEATON,SD,2018-01-05 10:12:00,True
1278,1,Del Libertador Av. y Manzanares,AVENIDA,13,-58.46129513,-34.54332766,MOTO,SD,2018-01-09 09:40:00,True
1279,1,Paseo Colon Av. 1019,AVENIDA,1,-58.36907201,-34.61953517,PEATON,PEATON,2018-01-09 22:30:00,True
1280,1,Valle y Barco Centenera Del,CALLE,6,-58.44062219,-34.62499107,CICLISTA,PEATON,2018-01-10 21:15:00,True
1281,1,AU Perito Moreno  KM 0.6,AUTOPISTA,9,-58.52502765,-34.63601265,AUTO,AUTO,2018-01-11 02:30:00,True
1282,1,"Huergo, Ing. Av. e Independencia Av.",AVENIDA,1,-58.36659655,-34.61687778,MOTO,CAMION,2018-01-12 17:50:00,True
1283,1,"Pilcomayo y Brown, Alte. Av.",AVENIDA,4,-58.36737389,-34.62763661,MOTO,MOTO,2018-01-14 02:00:00,True
1284,1,"Cervantes y Belaustegui, Luis, Dr.",CALLE,10,-58.49807953,-34.63038658,MOTO,CAMION,2018-01-18 05:10:00,True
1285,1,Callao y Vte. Lopez,AVENIDA,2,-58.39092703,-34.59088447,PEATON,PEATON,2018-01-19 10:30:00,True
1286,1,"Oliden y Chilavert, Martiniano, Coronel",CALLE,8,-58.46912006,-34.68049201,MOTO,PEATON,2018-01-26 13:30:00,True
1287,1,Congreso Av. y Galvan,AVENIDA,12,-58.48661286,-34.56786129,MOTO,AUTO,2018-01-28 08:15:00,True
1288,1,"Moreno, Perito Av. y Rivera Indarte",AVENIDA,7,-58.44074927,-34.65080597,PEATON,MOTO,2018-01-31 20:00:00,True
1289,2,Australia Av. 2800,AVENIDA,4,-58.38636298,-34.64684275,MOTO,PEATON,2018-02-06 01:00:00,True
1290,1,"Del Libertador Av. y Ramos Mejia, Jose Maria, Dr. Av.",AVENIDA,1,-58.37533517,-34.59276462,MOTO,CAMION,2018-02-15 10:15:00,True
1291,1,San Pedrito Av. y Rivadavia Av.,AVENIDA,7,-58.46963952,-34.63070603,PEATON,AUTO,2018-02-17 04:15:00,True
1292,1,"Isabel La Catolica y Salvadores, Cnel.",CALLE,4,-58.37207554,-34.64543658,MOTO,CAMION,2018-02-17 07:15:00,True
1293,1,Las Heras General Av. y Callao Av.,AVENIDA,2,-58.39189441,-34.59176378,PEATON,PEATON,2018-02-17 12:30:00,True
1294,1,Fernandez de la Cruz Subida AU Héctor J. Cámpora,AUTOPISTA,8,-58.45012957,-34.66518343,MOTO,CAMION,2018-02-19 22:00:00,True
1295,1,AMANCIO ALCORTA Y ZAVALETA,AVENIDA,4,-58.40184094,-34.64546845,PEATON,PEATON,2018-02-22 10:45:00,True
1296,1,"Montes De Oca, Manuel y Olavarria",AVENIDA,4,-58.37441153,-34.63966783,MOTO,CAMION,2018-02-24 00:00:00,True
1297,1,Barco Centenera Del y Rosario,CALLE,6,-58.44110156,-34.62082399,MOTO,AUTO,2018-02-24 06:00:00,True
1298,1,Alvarez Thomas Av. y Donado,AVENIDA,15,-58.47087351,-34.57827342,PEATON,CAMION,2018-02-28 23:00:00,True
1299,1,Av. Avellaneda y Av. Boyacá,AVENIDA,7,-58.45962210,-34.62245140,PEATON,AUTO,2018-03-04 22:30:00,True
1300,2,"Rabanal, Francisco, Intendente Av. y Saenz Av.",AVENIDA,4,-58.41657793,-34.65476216,AUTO,CAMION,2018-03-09 04:45:00,True
1301,1,Castro y Rondeau,CALLE,5,-58.41911301,-34.63722107,PEATON,MOTO,2018-03-11 23:00:00,True
1302,1,"Bilbao, Francisco Av. y Azul",AVENIDA,9,-58.47120586,-34.64251042,PEATON,CAMION,2018-03-13 15:45:00,True
1303,1,Nazca Av. y Gaona Av.,AVENIDA,11,-58.47418944,-34.62049672,MOTO,AUTO,2018-03-15 18:00:00,True
1304,1,Plaza y Alvarez Thomas Av.,AVENIDA,15,-58.46720441,-34.57905579,MOTO,MOTO,2018-03-20 01:30:00,True
1305,1,"Gaona Av. y Artigas, Jose Gervasio, Gral.",AVENIDA,11,-58.46909362,-34.61779710,MOTO,CAMION,2018-03-28 10:15:00,True
1306,1,Cabildo Av. y Aguilar,AVENIDA,13,-58.44704343,-34.56888640,PEATON,PEATON,2018-04-02 13:00:00,True
1307,1,Camarones y Lope De Vega Av.,AVENIDA,10,-58.50535541,-34.62902048,MOTO,CAMION,2018-04-07 07:30:00,True
1308,1,Santa Fe Av. 2320,AVENIDA,2,-58.40021675,-34.59522198,PEATON,PEATON,2018-04-11 18:15:00,True
1309,1,Av. Rivadavia 6950,AVENIDA,7,-58.46325991,-34.62919627,PEATON,PEATON,2018-04-12 16:45:00,True
1310,1,Av. San Martín y Argerich,AVENIDA,15,-58.49471482,-34.59694755,MOTO,AUTO,2018-04-13 23:15:00,True
1311,1,"Cordoba Av. y Uriburu Jose E., Pres.",AVENIDA,2,-58.39872610,-34.59975962,PEATON,CAMION,2018-04-18 18:45:00,True
1312,2,AV. RIVADAVIA 1571,AVENIDA,1,-58.38872177,-34.60885045,PEATON,AUTO,2018-04-20 17:10:00,True
1313,1,AUTOPISTA LUGONES KM 4.7,AUTOPISTA,14,-58.39811256,-34.58070186,PEATON,AUTO,2018-04-21 22:15:00,True
1314,1,Ramon Freire y Virrey Olaguer y Feliu,CALLE,13,-58.45686132,-34.57305993,PEATON,CAMION,2018-04-27 11:00:00,True
1315,1,"La Plata Av. y Fernandez De La Cruz, F., Gral. Av.",AVENIDA,4,-58.42281627,-34.64282424,PEATON,PEATON,2018-04-27 13:30:00,True
1316,1,BRANDSEN y PERDRIEL,CALLE,4,-58.38666024,-34.63953396,MOTO,CAMION,2018-04-27 18:43:00,True
1317,1,"Vilardebo, Teodoro y Alvarez Jonte Av.",AVENIDA,11,-58.49122843,-34.61207587,MOTO,AUTO,2018-04-28 06:30:00,True
1318,1,Alberti e Independencia Av.,AVENIDA,3,-58.40098306,-34.61866627,PEATON,AUTO,2018-04-28 09:00:00,True
1319,1,Alvarez Thomas Av. 879,AVENIDA,13,-58.45448963,-34.57916920,AUTO,CAMION,2018-04-30 07:00:00,True
1320,1,Av. Gral. Paz y Av. Rivadavia,AUTOPISTA,9,-58.52927982,-34.63931752,PEATON,AUTO,2018-05-02 03:15:00,True
1321,1,Av. Corrientes y Av. Dorrego,AVENIDA,15,-58.44759966,-34.59170240,PEATON,PEATON,2018-05-08 19:00:00,True
1322,1,Rivadavia Av. y Pedernera,AVENIDA,7,-58.46411215,-34.62925068,PEATON,PEATON,2018-05-09 10:30:00,True
1323,1,Quesada 2300,CALLE,13,-58.46213220,-34.55395823,PEATON,AUTO,2018-05-11 19:15:00,True
1324,1,Cabildo Av. y Juramento Av.,AVENIDA,13,-58.45669422,-34.56203610,PEATON,PEATON,2018-05-14 18:45:00,True
1325,1,"California y Carbonari, Francisco, Cmte.",CALLE,4,-58.35977160,-34.64341878,PEATON,AUTO,2018-05-15 21:15:00,True
1326,1,"Carril, Salvador Maria Del Av. y Nazca",AVENIDA,15,-58.49820145,-34.59070093,PEATON,PEATON,2018-05-18 20:30:00,True
1327,1,San Luis y Aguero,CALLE,3,-58.41059280,-34.59939180,MOTO,AUTO,2018-05-20 02:30:00,True
1328,1,Lugones 2430,CALLE,12,-58.47969138,-34.57121563,PEATON,CICLISTA,2018-05-22 11:15:00,True
1329,1,Independencia Av. y Jujuy Av.,AVENIDA,3,-58.40351561,-34.61883916,MOTO,AUTO,2018-05-29 07:30:00,True
1330,1,Av. Rivadavia 11050,AVENIDA,9,-58.51973844,-34.63918987,PEATON,PEATON,2018-06-02 13:00:00,True
1331,1,Combate De Los Pozos y Humberto 1°,CALLE,3,-58.39311376,-34.62163006,MOTO,PEATON,2018-06-03 03:30:00,True
1332,1,Cordoba Av. y Thames,AVENIDA,15,-58.43531242,-34.59082159,MOTO,AUTO,2018-06-03 06:30:00,True
1333,1,"Garay, Juan De Av. y Sanchez De Loria",AVENIDA,5,-58.41178165,-34.63035454,MOTO,SD,2018-06-08 06:20:00,True
1334,1,"Lavalle y Alem, Leandro N. Av.",AVENIDA,1,-58.37048800,-34.60189492,PEATON,PEATON,2018-06-08 12:50:00,True
1335,1,Estados Unidos y Pichincha,CALLE,3,-58.39883882,-34.61964833,MOTO,MOTO,2018-06-10 11:15:00,True
1336,1,Rosario y Barco Centenera Del,CALLE,6,-58.44110156,-34.62082399,PEATON,CAMION,2018-06-14 01:00:00,True
1337,1,Av. Leandro N. Alem y Viamonte,AVENIDA,1,-58.37093138,-34.59952725,PEATON,PEATON,2018-06-16 21:15:00,True
1338,1,Varela Av. y Primera Junta,AVENIDA,7,-58.45855262,-34.63953253,AUTO,CAMION,2018-06-25 01:15:00,True
1339,1,"Pellegrini, Carlos y Juncal",CALLE,1,-58.38161909,-34.59283447,MOTO,CAMION,2018-06-26 17:30:00,True
1340,1,Av. Corrientes y Av. Federico Lacroze,AVENIDA,15,-58.45511899,-34.58698157,PEATON,PEATON,2018-06-28 11:00:00,True
1341,1,"Montes De Oca, Manuel y Finochietto Enrique Dr.",AVENIDA,4,-58.37724226,-34.62973033,PEATON,AUTO,2018-06-29 16:15:00,True
1342,1,"Carabobo Av. y Alberdi, Juan Bautista Av.",AVENIDA,7,-58.45546217,-34.62930339,MOTO,AUTO,2018-07-01 09:00:00,True
1343,1,"Córdoba Av. 2215

",AVENIDA,2,-58.39897064,-34.59954925,CICLISTA,PEATON,2018-07-04 21:45:00,True
1344,1,"Estados Unidos y Urquiza, Gral.",CALLE,3,-58.40917826,-34.62126274,MOTO,PEATON,2018-07-07 15:45:00,True
1345,1,Moreno y Av. Huergo,AVENIDA,1,-58.36726348,-34.61099738,MOTO,CAMION,2018-07-10 17:50:00,True
1346,1,"AU Dellepiane kilometro 0.0, altura calle Montiel, sentido hacia el Centro Porteño",AUTOPISTA,8,-58.48267426,-34.68454456,MOTO,CAMION,2018-07-11 13:15:00,True
1347,1,"Iriarte, Gral. Av. 3400",AVENIDA,4,-58.39546165,-34.65168841,PEATON,CAMION,2018-07-11 15:45:00,True
1348,1,AV. JUAN B. ALBERDI 2968,AVENIDA,7,-58.46941984,-34.63376545,AUTO,CAMION,2018-07-14 06:04:00,True
1349,1,Del Libertador Av. y Ortiz De Ocampo,AVENIDA,14,-58.40367321,-34.58129246,PEATON,AUTO,2018-07-15 07:30:00,True
1350,1,"Chavez, Jorge y Paz, Gral. Av.",CALLE,9,-58.52932872,-34.65014993,AUTO,CAMION,2018-07-16 09:30:00,True
1351,1,"Urquiza, Gral. y Estados Unidos",CALLE,3,-58.40917826,-34.62126274,AUTO,CAMION,2018-07-16 23:15:00,True
1352,1,Paraguay y Sánchez De Bustamante,CALLE,2,-58.41264127,-34.59473294,PEATON,AUTO,2018-07-21 06:15:00,True
1353,1,"De Los Corrales Av. y Paz, Gral. Av.",AUTOPISTA,9,-58.50877521,-34.66977709,PEATON,CAMION,2018-07-23 07:15:00,True
1354,1,"Alberdi, Juan Bautista Av. y Carhue",AVENIDA,9,-58.51232237,-34.65903530,PEATON,AUTO,2018-07-25 22:22:00,True
1355,1,Castañares Av. y Rivera Indarte Av.,AVENIDA,7,-58.44744156,-34.64567171,PEATON,SD,2018-07-29 06:30:00,True
1356,1,"Larrazabal y Garzon, Eugenio, Gral. Av.",AVENIDA,9,-58.49441273,-34.65869968,MOTO,CAMION,2018-08-01 15:53:00,True
1357,1,"Paz, Gral. Av. y Fernandez De La Cruz, F., Gral. Av.",AUTOPISTA,8,-58.47976785,-34.69153196,MOTO,CAMION,2018-08-02 05:20:00,True
1358,1,Av. Alicia Moreau de Justo y Cochabamba,AVENIDA,1,-58.36523349,-34.62260331,PEATON,CAMION,2018-08-03 07:25:00,True
1359,2,"Entre Rios Av. y Garay, Juan De Av.",AVENIDA,3,-58.39118948,-34.62704273,MOTO,PEATON,2018-08-03 18:16:00,True
1360,1,Directorio Av. y Guardia Nacional,AVENIDA,9,-58.49019551,-34.65015854,PEATON,PEATON,2018-08-10 21:44:00,True
1361,1,Pavon Av. Y Colombres,AVENIDA,5,-58.41644362,-34.63023775,PEATON,PEATON,2018-08-15 19:20:00,True
1362,1,Av. Gral. Paz y Av. Dr. Ricardo Balbín,AUTOPISTA,12,-58.50073810,-34.54979510,MOTO,CAMION,2018-08-17 16:36:00,True
1363,1,Pichincha Av. y Brasil,AVENIDA,4,-58.39626094,-34.63036565,PEATON,PEATON,2018-08-17 17:56:00,True
1364,1,27 De Febrero Av. y Pergamino,AVENIDA,8,-58.43284809,-34.67051543,MOTO,AUTO,2018-08-18 10:34:00,True
1365,1,AU Perito Moreno KM 1.8 ALTURA BARRAGAN SENTIDO PBA,AUTOPISTA,9,-58.52280139,-34.63659934,AUTO,AUTO,2018-08-19 18:47:00,True
1366,1,Cordoba Av. y Gascon,AVENIDA,14,-58.42336930,-34.59774487,MOTO,AUTO,2018-08-20 08:20:00,True
1367,1,15 De Noviembre De 1889 1513,CALLE,1,-58.38691681,-34.63105973,PEATON,PEATON,2018-08-20 08:41:00,True
1368,1,"Salguero, Jeronimo y Beruti",CALLE,14,-58.41169020,-34.58579880,MOTO,PEATON,2018-08-23 05:35:00,True
1369,1,"Lacarra Av. y Dellepiane, Luis, Tte. Gral.",AVENIDA,9,-58.46739825,-34.65117757,AUTO,AUTO,2018-08-26 00:59:00,True
1370,1,"AU Héctor J. Cámpora y Roca, Cnel. Av.",AUTOPISTA,8,-58.44483258,-34.67152226,PEATON,AUTO,2018-08-31 22:20:00,True
1371,1,Av. Varela y Av. Int. Francisco Rabanal,AVENIDA,8,-58.43254025,-34.66128115,AUTO,SD,2018-09-02 10:50:00,True
1372,2,Av. Gral. Paz e/ Ferre y Beron de Astrada,AUTOPISTA,8,-58.47199387,-34.69640164,AUTO,AUTO,2018-09-09 05:00:00,True
1373,1,Rivadavia Av. y Pedernera,AVENIDA,7,-58.46411215,-34.62925068,PEATON,PEATON,2018-09-12 14:25:00,True
1374,1,Elvira Rawson de Dellepiane 150,AVENIDA,1,-58.36217754,-34.62367156,MOTO,AUTO,2018-09-20 10:30:00,True
1375,1,"Paz, Gral. Av. y Zapiola",AUTOPISTA,12,-58.48098594,-34.54073130,AUTO,SD,2018-09-21 00:15:00,True
1376,1,FAMATINA Y DIOGENES TABORDA,CALLE,4,-58.41083404,-34.64640709,MOTO,AUTO,2018-09-21 00:30:00,True
1377,1,Av. Castañares y Bonorino,AVENIDA,7,-58.44609828,-34.64446729,PEATON,MOTO,2018-09-27 17:51:00,True
1378,1,AU Frondizi 9 de Julio Sur y Av. Suarez,AUTOPISTA,4,-58.37709334,-34.64035082,MOTO,MOTO,2018-10-01 08:58:00,True
1379,1,Nazca Av. y Rivadavia Av.,AVENIDA,7,-58.46963952,-34.63070603,PEATON,PEATON,2018-10-03 18:12:00,True
1380,1,"Figueroa Alcorta, Pres. Av. y Echeverria",AVENIDA,13,-58.43674281,-34.55161027,MOTO,MOTO,2018-10-04 22:02:00,True
1381,1,Rivadavia Av. y Jujuy Av.,AVENIDA,3,-58.40596860,-34.61011987,PEATON,PEATON,2018-10-06 14:20:00,True
1382,1,"De Los Italianos Av. y Guemes, Macacha",AVENIDA,1,-58.36154069,-34.60463618,MOTO,AUTO,2018-10-09 14:00:00,True
1383,1,"Tucuman y Alem, Leandro N. Av.",AVENIDA,1,-58.37062179,-34.60066507,PEATON,PEATON,2018-10-10 22:12:00,True
1384,1,"Corrientes Av. y Gallardo, Angel Av.",AVENIDA,15,-58.43220014,-34.60207186,PEATON,MOTO,2018-10-13 03:05:00,True
1385,1,AU Perito Moreno y Av. Eva Perón SENTIDO CENTRO,AUTOPISTA,9,-58.46958442,-34.64949724,MOTO,CAMION,2018-10-19 12:13:00,True
1386,1,Muñecas y Serrano,CALLE,15,-58.44671397,-34.59970903,MOTO,CAMION,2018-10-24 09:18:00,True
1387,1,"Artigas, Jose Gervasio, Gral. y Tres Arroyos",CALLE,11,-58.47152163,-34.61474911,MOTO,CAMION,2018-10-25 11:00:00,True
1388,1,Solis e Independencia Av.,AVENIDA,1,-58.39032921,-34.61807951,MOTO,AUTO,2018-10-30 02:15:00,True
1389,1,"Bosch, Ventura y Paz, Gral. Av.",CALLE,9,-58.52887773,-34.64297861,PEATON,PEATON,2018-10-31 12:30:00,True
1390,1,"Paz, Gral. Av. 14800",AUTOPISTA,8,-58.49371157,-34.67981324,PEATON,CAMION,2018-11-01 10:50:00,True
1391,1,Av. Eva Perón 5321,AVENIDA,9,-58.48266599,-34.66012327,MOTO,MOTO,2018-11-04 08:15:00,True
1392,1,"Peron, Juan Domingo, Tte. General y Pueyrredon Av.",AVENIDA,3,-58.40612253,-34.60774301,PEATON,MOTO,2018-11-05 14:49:00,True
1393,1,Rabanal y San Pedrito,AVENIDA,8,-58.43613623,-34.66292532,PEATON,SD,2018-11-05 22:35:00,True
1394,1,Monroe y Alvarez Thomas Av.,AVENIDA,12,-58.48250732,-34.57208238,PEATON,AUTO,2018-11-09 13:34:00,True
1395,1,Rivadavia Av. y Manzoni,AVENIDA,10,-58.49945705,-34.63743280,PEATON,PEATON,2018-11-09 16:32:00,True
1396,1,AU Dellepiane Luis Tte. Gral. y Larrazabal,AUTOPISTA,8,-58.47743966,-34.67233407,AUTO,AUTO,2018-11-12 01:00:00,True
1397,1,"Paz, Gral. Av. y Peron, Eva Av.",AUTOPISTA,9,-58.50251790,-34.67450313,AUTO,SD,2018-11-12 03:32:00,True
1398,1,AU Perito Moreno y Reservistas Argentinos,AUTOPISTA,9,-58.52144411,-34.63682499,CAMION,CAMION,2018-11-15 19:40:00,True
1399,1,Saenz Av. y Ventana,AVENIDA,4,-58.41650465,-34.65084045,PEATON,PEATON,2018-11-16 21:12:00,True
1400,1,Avda. General Paz y Cnel. Ramón Falcón,AUTOPISTA,9,-58.52994219,-34.64055918,MOTO,AUTO,2018-11-18 12:11:00,True
1401,1,Av. Gral. Paz y Av. de los Constituyentes,AUTOPISTA,12,-58.50993046,-34.56919739,MOTO,MOTO,2018-11-19 09:14:00,True
1402,2,"Paz, Gral. Av. 11200",AUTOPISTA,9,-58.52844623,-34.64592873,AUTO,PEATON,2018-11-25 04:30:00,True
1403,1,"Newbery, Jorge Av. y Guevara",AVENIDA,15,-58.45021367,-34.58695347,MOTO,PEATON,2018-11-28 04:01:00,True
1404,1,Gaona Av. y Segurola Av.,AVENIDA,10,-58.49022072,-34.62770192,MOTO,PEATON,2018-12-03 03:00:00,True
1405,1,"Madero, Eduardo Av. 550",AVENIDA,1,-58.36860866,-34.60106568,MOTO,CAMION,2018-12-07 19:10:00,True
1406,1,"AU Arturo Illia y Castillo, Ramon S.",AUTOPISTA,2,-58.39490504,-34.57241534,PEATON,CAMION,2018-12-12 08:26:00,True
1407,1,Nazca Av. y Rivadavia Av.,AVENIDA,7,-58.46963952,-34.63070603,PEATON,CAMION,2018-12-12 14:07:00,True
1408,1,La Plata Av. y Caseros Av.,AVENIDA,7,-58.42349365,-34.64019887,PEATON,MOTO,2018-12-12 21:00:00,True
1409,1,Belgrano Av. y Peru,AVENIDA,1,-58.37471802,-34.61265002,PEATON,PEATON,2018-12-18 14:40:00,True
1410,1,Rivadavia Av. 7013,AVENIDA,7,-58.46438789,-34.62913916,PEATON,PEATON,2018-12-18 15:42:00,True
1411,1,Adolfo Alsina y Santiago del Estero,CALLE,1,-58.38481975,-34.61100424,MOTO,PEATON,2018-12-18 20:15:00,True
1412,1,Bermudez 1893,CALLE,10,-58.50751833,-34.62073702,PEATON,PEATON,2018-12-21 09:30:00,True
1413,1,Santander 1974,CALLE,7,-58.44682986,-34.63888084,MOTO,MOTO,2018-12-22 06:30:00,True
1414,1,Julieta Lanteri 1400,CALLE,1,-58.36004650,-34.61381341,AUTO,AUTO,2018-12-22 08:05:00,True
1415,1,Maza y Av. Independencia,AVENIDA,5,-58.41509546,-34.62085945,PEATON,MOTO,2018-12-22 17:40:00,True
1416,1,"PAZ, GRAL. AV. 5172",AUTOPISTA,12,-58.50997604,-34.57251072,CAMION,PEATON,2018-12-25 13:30:00,True
1417,1,"Olivera Av. y Alberdi, Juan Bautista Av.",AVENIDA,10,-58.48606475,-34.64047818,MOTO,AUTO,2018-12-29 05:25:00,True
1418,1,"CASTILLO, RAMON S., PRES. AV. Y CALLE 12",AVENIDA,2,-58.38526125,-34.57805810,MOTO,CAMION,2019-01-08 08:30:00,True
1419,1,"CASTAÑARES AV. Y MORENO, PERITO AV.",AVENIDA,7,-58.45463662,-34.65082149,AUTO,CAMION,2019-01-09 04:00:00,True
1420,1,SAN MARTIN AV. Y TERRADA,AVENIDA,15,-58.49121672,-34.59718073,MOTO,AUTO,2019-01-12 08:00:00,True
1421,1,"PERON, EVA AV. Y MEDINA",AVENIDA,9,-58.47325712,-34.65284605,AUTO,PEATON,2019-01-14 19:58:00,True
1422,1,"JUSTO, JUAN B. AV. Y ALVAREZ JONTE AV.",AVENIDA,10,-58.52108101,-34.63382309,MOTO,CAMION,2019-01-19 12:00:00,True
1423,1,"OBLIGADO RAFAEL, AV. COSTANERA 4650",AVENIDA,14,-58.41652702,-34.55509606,PEATON,AUTO,2019-01-23 05:45:00,True
1424,1,"MITRE, BARTOLOME Y YATAY",CALLE,5,-58.42891604,-34.61071660,MOTO,AUTO,2019-01-26 19:34:00,True
1425,1,"PAZ, GRAL. AV. 16080",AUTOPISTA,8,-58.47802293,-34.69156793,MOTO,SD,2019-01-30 22:45:00,True
1426,1,CHACABUCO Y SAN JUAN AV.,AVENIDA,1,-58.37564821,-34.62200207,MOTO,AUTO,2019-01-31 14:55:00,True
1427,2,DEL LIBERTADOR AV. 4100,AVENIDA,14,-58.42668489,-34.56961468,PEATON,AUTO,2019-02-02 07:50:00,True
1428,1,"PAZ, GRAL. AV. Y ALBERDI, JUAN BAUTISTA AV.",AUTOPISTA,9,-58.51839930,-34.66252488,PEATON,AUTO,2019-02-10 01:00:00,True
1429,1,"CASTAÑARES AV. Y GORDILLO, TIMOTEO",AVENIDA,8,-58.48432691,-34.67665828,MOTO,AUTO,2019-02-17 03:16:00,True
1430,1,SALVIGNY Y MOM,CALLE,7,-58.43383830,-34.64457699,PEATON,AUTO,2019-02-20 07:30:00,True
1431,1,"LAMARCA, EMILIO 5402",CALLE,11,-58.51664939,-34.58657938,MOTO,OBJETO FIJO,2019-02-20 17:30:00,True
1432,1,SAN MARTIN AV. 5638,AVENIDA,11,-58.49613012,-34.59703502,AUTO,OBJETO FIJO,2019-02-23 06:57:00,True
1433,1,"CARRILLO, RAMON, DR. Y FINOCHIETTO ENRIQUE DR.",CALLE,4,-58.38313603,-34.63356284,MOTO,PEATON,2019-02-24 02:00:00,True
1434,1,MEXICO Y PICHINCHA,CALLE,3,-58.39914719,-34.61632317,AUTO,PEATON,2019-03-03 07:00:00,True
1435,1,"CANTILO, INT. Y UDAONDO, GUILLERMO AV.",AUTOPISTA,13,-58.44927253,-34.54048625,PEATON,AUTO,2019-03-03 23:30:00,True
1436,1,DEL LIBERTADOR AV. 6326,AVENIDA,13,-58.45049163,-34.55374003,MOTO,AUTO,2019-03-06 12:00:00,True
1437,1,CHICLANA AV. 3444,AVENIDA,5,-58.41288952,-34.63572989,MOTO,AUTO,2019-03-07 21:01:00,True
1438,1,BOYACA AV. Y YERBAL,AVENIDA,7,-58.45743597,-34.62561234,MOTO,AUTO,2019-03-15 22:50:00,True
1439,1,ENTRE RIOS AV. BAJO PUENTE AUTOPISTA (1260 APROX),AVENIDA,1,-58.39123782,-34.62352245,AUTO,SD,,True
1440,1,"PAZ, GRAL. AV. Y JACQUES, AMADEO",AUTOPISTA,9,-58.52922765,-34.63637963,AUTO,OBJETO FIJO,2019-03-16 08:28:00,True
1441,1,ANTARTIDA ARGENTINA AV. 1325,AVENIDA,1,-58.37208118,-34.58541957,MOTO,CAMION,,True
1442,1,"MITRE, BARTOLOME Y SANCHEZ DE BUSTAMANTE",CALLE,5,-58.41458534,-34.60937557,PEATON,AUTO,2019-03-22 13:10:00,True
1443,1,"FERNANDEZ DE LA CRUZ, F. , GRAL. AV. Y LARRAZABAL",AVENIDA,8,-58.47976785,-34.69153196,PEATON,PEATON,2019-03-28 07:32:00,True
1444,1,SANTA FE AV. Y AZCUENAGA,AVENIDA,2,-58.39990285,-34.59511714,CICLISTA,SD,2019-03-28 11:11:00,True
1445,1,"JUSTO, JUAN B. AV. y OROÑO, NICASIO",AVENIDA,11,-58.46051346,-34.60588536,PEATON,PEATON,2019-04-06 09:15:00,True
1446,1,"FERNANDEZ DE LA CRUZ, F. , GRAL. AV. Y LACARRA AV.",AVENIDA,8,-58.47976785,-34.69153196,MOTO,OBJETO FIJO,2019-04-07 10:15:00,True
1447,1,"ALVAREZ, DONATO, TTE. GRAL. Y YERBAL",CALLE,7,-58.45457546,-34.62447891,MOTO,CAMION,2019-04-09 16:00:00,True
1448,1,"CORDOBA AV. Y MADERO, EDUARDO AV.",AVENIDA,1,-58.36951669,-34.59832047,CICLISTA,CAMION,2019-04-12 19:55:00,True
1449,1,"CAMARONES Y ALVAREZ, DONATO, TTE. GRAL. AV.",AVENIDA,11,-58.46415322,-34.60443790,PEATON,AUTO,2019-04-16 11:00:00,True
1450,1,"AUTOPISTA 25 DE MAYO Y HUERGO, ING. AV.",AUTOPISTA,1,-58.36607137,-34.62150748,MOTO,SD,2019-04-18 01:00:00,True
1451,1,"MORENO, PERITO AV. 3050",AVENIDA,7,-58.45537373,-34.65093074,MOTO,OBJETO FIJO,2019-04-21 09:08:00,True
1452,1,SUIPACHA 665,CALLE,1,-58.37942637,-34.60053054,PEATON,CICLISTA,2019-04-23 14:10:00,True
1453,1,RIGLOS Y FORMOSA,CALLE,6,-58.43680440,-34.62147504,MOTO,AUTO,2019-04-26 22:46:00,True
1454,1,LA RIOJA E INDEPENDENCIA AV.,AVENIDA,3,-58.40778291,-34.61971907,MOTO,AUTO,2019-05-01 23:10:00,True
1455,1,"UDAONDO, GUILLERMO AV. Y FIGUEROA ALCORTA, PRES. AV.",AVENIDA,13,-58.45212523,-34.54628513,PEATON,MOTO,2019-05-04 14:10:00,True
1456,1,SAN PEDRITO AV. Y DIRECTORIO AV.,AVENIDA,7,-58.46749188,-34.63551751,MOTO,AUTO,2019-05-09 03:05:00,True
1457,1,PUAN Y SANTANDER,CALLE,7,-58.44263580,-34.63679732,MOTO,SD,2019-05-09 12:45:00,True
1458,1,"ALBERDI, JUAN BAUTISTA AV. Y ANDALGALA",AVENIDA,9,-58.51140289,-34.65846419,AUTO,SD,2019-05-11 20:30:00,True
1459,1,LIMA Y CONSTITUCION,CALLE,1,-58.38211431,-34.62465368,PEATON,PEATON,2019-05-14 15:00:00,True
1460,1,"CORDOBA AV. Y MADERO, EDUARDO AV.",AVENIDA,1,-58.36951669,-34.59832047,CICLISTA,CAMION,2019-05-21 09:00:00,True
1461,1,BOEDO AV. 650,AVENIDA,5,-58.41635217,-34.62036547,PEATON,MOTO,2019-05-27 12:45:00,True
1462,1,DEL LIBERTADOR AV. Y REPUBLICA DE LA INDIA,AVENIDA,14,-58.41316147,-34.57579669,MOTO,CAMION,2019-06-03 07:27:00,True
1463,1,GRAL PAZ Y CABILDO,AUTOPISTA,13,-58.47617802,-34.53825652,MOTO,AUTO,2019-06-04 09:00:00,True
1464,1,CASEROS AV. 1700,AVENIDA,4,-58.38641783,-34.63330028,PEATON,CAMION,2019-06-06 10:00:00,True
1465,1,AVELLANEDA AV. 1548,AVENIDA,6,-58.45322169,-34.62038137,MOTO,CAMION,2019-06-07 07:00:00,True
1466,1,CIUDAD DE LA PAZ Y MENDOZA,CALLE,13,-58.45849057,-34.56166498,PEATON,CAMION,2019-06-08 09:20:00,True
1467,1,"SALGUERO, JERONIMO Y HONDURAS AV.",AVENIDA,14,-58.41829559,-34.59411677,MOTO,CAMION,2019-06-08 23:35:00,True
1468,1,"FILIBERTO, JUAN DE DIOS Y OLAVARRIA",CALLE,4,-58.36376488,-34.63832093,MOTO,AUTO,2019-06-11 10:00:00,True
1469,1,ASTURIAS AV. Y CASTAÑARES AV.,AVENIDA,8,-58.46442668,-34.66004784,AUTO,AUTO,2019-06-14 17:20:00,True
1470,1,GANDARA 2976,CALLE,15,-58.48222035,-34.58428769,MOTO,OBJETO FIJO,2019-06-20 03:00:00,True
1471,1,"GUEVARA, TRINIDAD Y MADERO, EDUARDO AV.",AVENIDA,1,-58.36819005,-34.60283208,MOTO,PEATON,2019-06-20 19:45:00,True
1472,1,BOYACA AV. 305,AVENIDA,7,-58.45877601,-34.62330939,PEATON,AUTO,2019-06-29 17:16:00,True
1473,1,ARTILLEROS Y LA PAMPA,CALLE,13,-58.44196498,-34.55760517,PEATON,AUTO,2019-07-05 19:00:00,True
1474,1,AUTOPISTA PERITO MORENO ALTURA PASO A NIVEL DE IRIGOYEN,AUTOPISTA,10,-58.50622631,-34.63627822,MOTO,PEATON,2019-07-10 09:20:00,True
1475,1,15 DE NOVIEMBRE DE 1889 Y SANTIAGO DEL ESTERO,CALLE,1,-58.38410880,-34.63099197,MOTO,PEATON,2019-07-13 22:35:00,True
1476,1,"ACOSTA, MARIANO AV. Y FALCON, RAMON L., CNEL.",AVENIDA,10,-58.48100602,-34.63504312,PEATON,AUTO,2019-07-17 11:20:00,True
1477,1,11 DE SEPTIEMBRE DE 1888 Y MENDOZA,CALLE,13,-58.45200171,-34.55781320,PEATON,PEATON,2019-07-17 18:40:00,True
1478,1,"PINO, VIRREY DEL Y CAMPOS, LUIS M. AV.",AVENIDA,13,-58.44462132,-34.56201105,PEATON,PEATON,2019-08-01 23:00:00,True
1479,1,FOREST AV. Y MAURE,AVENIDA,15,-58.45220688,-34.58711712,MOTO,PEATON,2019-08-04 01:30:00,True
1480,1,"BOYACA AV. Y AVELLANEDA AV,",AVENIDA,7,-58.45962210,-34.62245140,MOTO,AUTO,2019-08-06 03:15:00,True
1481,1,BARCO CENTENERA DEL Y TILCARA,CALLE,4,-58.41970850,-34.65414867,PEATON,PEATON,2019-08-08 16:45:00,True
1482,1,RIESTRA AV. Y BOLIVAR,AVENIDA,7,-58.44187596,-34.64938031,PEATON,AUTO,2019-08-11 21:15:00,True
1483,1,"CASTRO, EMILIO 4706",CALLE,10,-58.49101637,-34.64276621,MOTO,CAMION,2019-08-14 15:00:00,True
1484,1,27 DE FEBRERO AV. 5600,AVENIDA,8,-58.42493829,-34.66256502,MOTO,MOTO,2019-08-14 17:40:00,True
1485,1,"GARAY, JUAN DE AV. 2874",AVENIDA,4,-58.40489318,-34.62930162,MOTO,AUTO,2019-08-17 05:25:00,True
1486,1,"SCALABRINI ORTIZ, RAUL AV. y GORRITI",AVENIDA,14,-58.42686680,-34.59217875,MOTO,CICLISTA,2019-08-22 12:30:00,True
1487,1,PRIMERA JUNTA Y OLIVERA AV.,AVENIDA,9,-58.47961100,-34.65620398,PEATON,CAMION,2019-08-27 11:30:00,True
1488,1,"ALBERDI, JUAN BAUTISTA AV. Y AZUL",AVENIDA,10,-58.47439934,-34.63524207,AUTO,AUTO,2019-08-28 06:20:00,True
1489,1,ALVAREZ THOMAS AV. 1788,AVENIDA,15,-58.46711912,-34.57926018,AUTO,OBJETO FIJO,2019-08-29 01:50:00,True
1490,1,"LUGONES, LEOPOLDO AV. Y PAZ, GRAL. AV.",AUTOPISTA,13,-58.46514781,-34.53465378,MOTO,CAMION,2019-08-29 09:00:00,True
1491,1,SAN ANTONIO Y LUJAN,CALLE,4,-58.37571078,-34.65584079,MOTO,PEATON,2019-08-30 23:20:00,True
1492,1,AUTOPISTA 1 SUR PRESIDENTE ARTURO FRONDIZI ALTURA DON PEDRO DE MENDOZA AV.,AUTOPISTA,4,-58.37157668,-34.65429986,MOTO,CAMION,2019-09-05 18:00:00,True
1493,1,"FIGUEROA ALCORTA, PRES. AV. Y TAGLE",AVENIDA,14,-58.39811256,-34.58070186,PEATON,AUTO,2019-09-08 03:40:00,True
1494,1,"EINSTEIN, ALBERTO Y ALCORTA, AMANCIO AV.",AVENIDA,4,-58.41125934,-34.65417740,PEATON,CAMION,2019-09-12 08:25:00,True
1495,1,AGRELO Y COLOMBRES,CALLE,5,-58.41822901,-34.61866836,MOTO,PEATON,2019-09-17 05:30:00,True
1496,1,"CABILDO AV. y PAZ, GRAL. AV.",AUTOPISTA,13,-58.47617802,-34.53825652,PEATON,MOTO,,True
1497,1,ELCANO AV. 4300,AVENIDA,15,-58.46141281,-34.58623761,PEATON,PEATON,2019-09-23 16:00:00,True
1498,1,"RABANAL, FRANCISCO, INTENDENTE AV. 2428",AVENIDA,8,-58.42985146,-34.66119740,CICLISTA,CAMION,2019-09-25 07:45:00,True
1499,1,MONTE Y CORVALAN,CALLE,9,-58.48457413,-34.65839090,AUTO,AUTO,2019-09-26 08:00:00,True
1500,1,TANDIL Y LA FUENTE,CALLE,7,-58.46572884,-34.63628186,CICLISTA,CAMION,2019-09-27 11:45:00,True
1501,1,CARDOSO Y BACACAY,CALLE,10,-58.49261744,-34.63419130,CICLISTA,SD,2019-10-09 22:18:00,True
1502,1,CORRIENTES AV. 6700,AVENIDA,15,-58.45283186,-34.58841560,MOTO,PEATON,2019-10-15 14:10:00,True
1503,1,ALVAREZ THOMAS AV. Y MENDOZA,AVENIDA,12,-58.47973681,-34.57418656,MOTO,MOTO,2019-10-21 21:00:00,True
1504,1,"ALCORTA, AMANCIO AV. Y BONAVENA, OSCAR NATALIO",AVENIDA,4,-58.40623949,-34.65076549,PEATON,PEATON,2019-10-22 20:00:00,True
1505,1,"BROWN, ALTE. AV. Y BLANES, JUAN MANUEL",AVENIDA,4,-58.36244648,-34.63107887,PEATON,CAMION,2019-10-23 15:45:00,True
1506,1,"ALBERDI, JUAN BAUTISTA AV. 5455",AVENIDA,9,-58.49962423,-34.64868027,PEATON,MOTO,2019-10-24 18:26:00,True
1507,1,"JUSTO, JUAN B. AV. Y CAMARGO",AVENIDA,15,-58.44551437,-34.59559816,PEATON,PEATON,2019-11-01 20:50:00,True
1508,1,"BRIN, MINISTRO Y SUAREZ",CALLE,4,-58.35608181,-34.63420319,PEATON,PEATON,2019-11-03 10:30:00,True
1509,1,"NIZA Y JUSTO, JUAN B. AV.",AVENIDA,11,-58.46483679,-34.60907662,CICLISTA,SD,2019-11-13 11:50:00,True
1510,1,CAMARGO Y SERRANO,CALLE,15,-58.44368628,-34.59724326,MOTO,SD,2019-11-18 14:00:00,True
1511,1,AUTOPISTA 1 SUR PRESIDENTE ARTURO FRONDIZI ALTURA CASEROS AV.,AUTOPISTA,1,-58.37864583,-34.62907067,MOTO,CAMION,2019-11-20 15:30:00,True
1512,1,CASEROS AV. Y PIEDRAS,AVENIDA,1,-58.37560352,-34.62726382,PEATON,PEATON,2019-11-22 19:33:00,True
1513,1,"AUTOPISTA PERITO MORENO KM 5,6",AUTOPISTA,9,-58.47721439,-34.64815069,MOTO,SD,2019-11-25 08:50:00,True
1514,1,GUZMAN 365,AVENIDA,15,-58.45134029,-34.58984288,PEATON,PEATON,2019-11-25 14:00:00,True
1515,1,de los constituyentes av. 4300,AVENIDA,12,-58.49040794,-34.58368803,MOTO,AUTO,2019-12-05 17:30:00,True
1516,1,"MORENO, PERITO AV. Y TILCARA AV.",AVENIDA,4,-58.42102679,-34.64991178,MOTO,MOTO,2019-12-17 04:20:00,True
1517,1,"IBARROLA Y GORDILLO, TIMOTEO",CALLE,9,-58.52219407,-34.64143926,MOTO,AUTO,2019-12-17 14:30:00,True
1518,1,"PAZ, GRAL. AV. Y GRIVEO",AUTOPISTA,11,-58.52169422,-34.59471640,MOTO,MOTO,,True
1519,1,RIVADAVIA AV. Y PERGAMINO,AVENIDA,10,-58.47460416,-34.63206174,MOTO,AUTO,2019-12-21 04:25:00,True
1520,1,SANTO TOME Y SEGUROLA AV.,AVENIDA,10,-58.50512382,-34.61520391,PEATON,AUTO,2019-05-05 11:00:00,True
1521,1,URIARTE Y LOYOLA,CALLE,15,-58.43910409,-34.59213355,PEATON,AUTO,2020-01-04 10:40:00,True
1522,1,SARAZA Y VARELA AV.,AVENIDA,7,-58.45019436,-34.64646409,MOTO,OBJETO FIJO,2020-01-05 20:00:00,True
1523,1,RIVADAVIA AV. Y COMBATE DE LOS POZOS,AVENIDA,3,-58.39337644,-34.60927582,PEATON,AUTO,2020-01-11 06:00:00,True
1524,1,RODRIGUEZ PEÑA Y RIVADAVIA AV.,AVENIDA,1,-58.39055614,-34.60919284,PEATON,PEATON,2020-01-14 21:40:00,True
1525,1,24 DE NOVIEMBRE Y SAN JUAN AV.,AVENIDA,3,-58.41036975,-34.62477021,MOTO,PEATON,2020-01-14 06:00:00,True
1526,1,LAFUENTE AV. 2250,AVENIDA,8,-58.44925765,-34.65412546,MOTO,CAMION,2020-01-20 12:55:00,True
1527,1,CHILE Y LIMA ,CALLE,1,-58.38156850,-34.61648696,PEATON,MOTO,2020-01-27 00:37:00,True
1528,1,CORDOBA AV. Y JEAN JAURES,AVENIDA,2,-58.40662899,-34.59804521,MOTO,CAMION,2020-01-30 07:10:00,True
1529,1,"PERON, JUAN DOMINGO, TTE. GENERAL Y SALGUERO, JERONIMO",CALLE,5,-58.41985649,-34.60600850,PEATON,AUTO,2020-02-04 14:50:00,True
1530,1,9 DE JULIO AV. Y SAN JUAN AV.,AVENIDA,1,-58.38099833,-34.62214953,MOTO,OBJETO FIJO,2020-02-08 05:45:00,True
1531,1,COLOMBRES 466,CALLE,5,-58.41803309,-34.61823178,MOTO,CAMION,2020-02-12 11:29:00,True
1532,1,MEXICO 2860,CALLE,3,-58.40604003,-34.61783553,PEATON,MOTO,2020-02-18 21:00:00,True
1533,1,COMBATIENTES DE MALVINAS AV. Y TRIUNVITARO AV.,AVENIDA,15,-58.47549929,-34.57994061,PEATON,MOTO,2020-02-20 12:00:00,True
1534,1,BERMUDEZ Y NOGOYA,CALLE,11,-58.51398484,-34.61600366,MOTO,PEATON,2020-02-27 02:14:00,True
1535,1,BRASIL AV. Y PASEO COLON AV.,AVENIDA,1,-58.36797542,-34.62519403,MOTO,PEATON,2020-02-28 14:30:00,True
1536,1,"ALEM,LEANDRO N. AV. 770",AVENIDA,1,-58.37133616,-34.59879316,PEATON,PEATON,2020-02-29 13:00:00,True
1537,1,BELGRANO AV. Y RINCON,AVENIDA,3,-58.39613805,-34.61413568,PEATON,AUTO,2020-03-05 23:00:00,True
1538,1,"UDAONDO, GUILLERMO AV. 901",AVENIDA,13,-58.44903073,-34.54200276,MOTO,OBJETO FIJO,2020-03-09 14:00:00,True
1539,1,CONSTITUCION Y CASTRO,CALLE,5,-58.41972364,-34.62846670,PEATON,AUTO,2020-03-10 21:00:00,True
1540,1,"PUEYRREDON AV. Y GOMEZ, VALENTIN",AVENIDA,3,-58.40571596,-34.60557123,PEATON,MOTO,2020-03-13 17:30:00,True
1541,1,"BRAVO, MARIO 1279",CALLE,2,-58.41451590,-34.59488319,PEATON,AUTO,2020-03-14 16:50:00,True
1542,1,"DELLEPIANE, LUIS, TTE. GRAL. Y ESCALADA AV.",AUTOPISTA,9,-58.47297505,-34.66245085,AUTO,CAMION,2020-04-07 06:15:00,True
1543,1,"ARAOZ DE LAMADRID, GREGORIO, GRAL. Y BROWN, ALTE. AV.",AVENIDA,4,-58.35791192,-34.63695178,AUTO,CAMION,2020-04-09 18:42:00,True
1544,1,MURGUIONDO 1339,CALLE,9,-58.50801713,-34.65177305,AUTO,AUTO,2020-04-24 07:58:00,True
1545,1,RIVADAVIA AV. 2551,AVENIDA,3,-58.40258477,-34.60975108,PEATON,AUTO,2020-05-12 05:35:00,True
1546,1,"LUGONES, LEOPOLDO AV. KM 6,1",AUTOPISTA,14,-58.41354692,-34.58697680,MOTO,OBJETO FIJO,2020-05-17 06:40:00,True
1547,1,"DELLEPIANE, LUIS, TTE. GRAL. Y MONTIEL",AVENIDA,8,-58.48267426,-34.68454456,PEATON,CAMION,2020-05-18 08:00:00,True
1548,1,"SCALABRINI ORTIZ, RAUL AV. Y WARNES AV.",AVENIDA,15,-58.44248936,-34.60221948,PEATON,PEATON,2020-05-19 10:00:00,True
1549,1,"PAZ, GRAL. AV. y ROFFO, ANGEL H., DR.",AUTOPISTA,9,-58.52909134,-34.63886726,PEATON,PEATON,2020-06-10 14:00:00,True
1550,1,SAN MARTIN AV. 1550,AVENIDA,6,-58.45158942,-34.60646580,MOTO,SD,2020-06-16 15:00:00,True
1551,1,"GARZON, EUGENIO, GRAL. AV. y LARRAYA",AVENIDA,9,-58.49344309,-34.65788529,MOTO,CAMION,2020-06-30 08:00:00,True
1552,1,CORRIENTES AV. Y SERRANO,AVENIDA,15,-58.44259166,-34.59635137,MOTO,AUTO,2020-07-10 23:00:00,True
1553,1,"PAZ, GRAL. AV. Y DEL LIBERTADOR AV.",AUTOPISTA,13,-58.46743471,-34.53476874,AUTO,OBJETO FIJO,2020-07-19 06:25:00,True
1554,1,"MITRE, BARTOLOME Y ANCHORENA, TOMAS MANUEL DE, DR.",CALLE,3,-58.41178158,-34.60922259,PEATON,AUTO,2020-08-02 03:20:00,True
1555,1,"AU 25 DE MAYO ALTURA PUMACAHUA Y RECUERO, CASIMIRO, TTE. CNEL.",AUTOPISTA,7,-58.45068621,-34.63638927,MOTO,PEATON,2020-08-04 05:30:00,True
1556,1,"SCALABRINI ORTIZ, RAUL AV. Y PARAGUAY",AVENIDA,14,-58.42016954,-34.58778790,PEATON,MOTO,2020-08-07 18:40:00,True
1557,1,"FERNANDEZ DE LA CRUZ, F., GRAL. AV. Y VARELA AV.",AVENIDA,8,-58.43850413,-34.65554754,PEATON,AUTO,2020-08-29 04:30:00,True
1558,2,"LAS HERAS GENERAL AV. Y DIAZ, CNEL. AV.",AVENIDA,14,-58.40617526,-34.58345898,AUTO,AUTO,2020-08-30 04:00:00,True
1559,1,MURGUIONDO 2700,CALLE,9,-58.52909134,-34.63886726,PEATON,CAMION,2020-09-01 19:17:42,True
1560,1,"CASTILLO, RAMON S., PRES. AV. Y CALLE 12",AVENIDA,2,-58.38526125,-34.57805810,AUTO,OBJETO FIJO,2020-09-12 03:30:00,True
1561,1,"CURAPALIGUE Y PERON, EVA AV.",AVENIDA,7,-58.44750470,-34.63491705,MOTO,PEATON,2020-09-28 01:45:00,True
1562,1,"DIAZ, ANA Y SOLDADO DE LA FRONTERA AV.",AVENIDA,8,-58.46745752,-34.68192648,PEATON,PEATON,2020-09-29 17:10:00,True
1563,1,"ALEM, LEANDRO N. AV. Y PARAGUAY",AVENIDA,1,-58.37202621,-34.59717942,PEATON,PEATON,2020-09-30 17:20:00,True
1564,1,LA PLATA AV. E INDEPENDENCIA,AVENIDA,6,-58.42779702,-34.62207347,AUTO,AUTO,2020-10-05 00:20:00,True
1565,1,"PAZ, GRAL. AV. Y 27 DE FEBRERO AV.",AUTOPISTA,8,-58.46244952,-34.70524971,AUTO,CAMION,2020-10-19 03:00:00,True
1566,1,"NAZCA AV. Y CARRANZA, ADOLFO P.",AVENIDA,11,-58.48440160,-34.60776782,MOTO,MOTO,2020-10-27 21:00:00,True
1567,1,AUTOPISTA CAMPORA ALTURA LACARRA AV.,AUTOPISTA,9,-58.46668375,-34.65174801,PEATON,CAMION,2020-10-27 14:00:00,True
1568,1,DORREGO AV. 614,AVENIDA,15,-58.44958780,-34.59322448,MOTO,OBJETO FIJO,2020-10-29 20:20:00,True
1569,1,"DEL LIBERTADOR AV. Y RAMOS MEJIA, JOSE MARIA, DR. AV.",AVENIDA,1,-58.37533517,-34.59276462,PEATON,AUTO,2020-10-30 20:00:00,True
1570,1,SANTA FE AV. Y GODOY CRUZ,AVENIDA,14,-58.42525456,-34.57866344,PEATON,MOTO,2020-11-01 22:00:00,True
1571,1,AVELLANEDA AV. Y MERCEDES,AVENIDA,10,-58.48493828,-34.62981124,MOTO,AUTO,2020-11-05 00:40:00,True
1572,1,TUCUMAN Y PUEYRREDON AV.,AVENIDA,3,-58.40480504,-34.60183884,CICLISTA,CAMION,2020-11-07 06:50:00,True
1573,1,"ALCORTA, AMANCIO AV. Y EINSTEIN, ALBERTO",AVENIDA,4,-58.41125934,-34.65417740,AUTO,AUTO,2020-11-09 03:30:00,True
1574,1,INCLAN Y ALBERTI,CALLE,4,-58.39956546,-34.62977080,CICLISTA,AUTO,2020-11-19 09:00:00,True
1575,1,OLAZABAL AV. 5437,AVENIDA,12,-58.49005682,-34.57868970,PEATON,CAMION,2020-11-19 12:30:00,True
1576,1,"PAZ, GRAL. AV. Y DOCTOR RAMON CARRILLO",AUTOPISTA,8,-58.47064556,-34.69843756,MOTO,CAMION,2020-11-21 13:00:00,True
1577,1,"NAZCA AV. Y VIALE, LUIS",AVENIDA,11,-58.47501560,-34.61945902,PEATON,AUTO,2020-11-23 07:45:00,True
1578,1,"OLIVERA AV. Y FALCON, RAMON L., CNEL.",AVENIDA,10,-58.48727942,-34.63652467,PEATON,AUTO,2020-11-24 16:00:00,True
1579,1,BRASIL 1100,CALLE,1,-58.37951690,-34.62794241,PEATON,PEATON,2020-12-01 06:35:00,True
1580,1,"HOMERO Y PERON, EVA AV.",AVENIDA,9,-58.47750832,-34.65672199,PEATON,MOTO,2020-12-03 20:30:00,True
1581,1,"CANTILO, INT. Y UDAONDO, GUILLERMO AV.",AUTOPISTA,13,-58.44927253,-34.54048625,MOTO,CAMION,2020-12-03 14:40:00,True
1582,1,MORENO 1845,CALLE,3,-58.39246272,-34.61253541,CICLISTA,PEATON,2020-12-04 17:19:00,True
1583,2,NUEVA YORK Y ALTA GRACIA,CALLE,11,-58.52783814,-34.61047001,MOTO,MOTO,2020-12-05 07:10:00,True
1584,1,"PAZ, GRAL. AV. Y GOYENECHE, ROBERTO PARQUE AV.",AUTOPISTA,12,-58.49332664,-34.54836855,MOTO,AUTO,2020-12-05 16:00:00,True
1585,1,AUTOPISTA PERITO MORENO ALTURA ESTACION DE TREN VILLA LURO,AUTOPISTA,10,-58.50178784,-34.63593897,MOTO,OBJETO FIJO,2020-12-07 04:30:00,True
1586,1,SAENZ AV. Y BEAZLEY,AVENIDA,4,-58.41657793,-34.65476216,PEATON,PEATON,2020-12-11 22:00:00,True
1587,1,DEL LIBERTADOR AV. Y AUSTRIA,AVENIDA,2,-58.39731474,-34.58307887,MOTO,AUTO,2020-12-12 20:30:00,True
1588,1,"INDEPENDENCIA AV. Y SAENZ PEÑA, LUIS, PRES.",AVENIDA,1,-58.38746381,-34.61790839,MOTO,PEATON,2020-12-15 05:20:00,True
1589,1,"CALLAO AV. Y LAS HERAS, GENERAL",AVENIDA,2,-58.39189441,-34.59176378,PEATON,PEATON,2020-12-17 15:35:00,True
1590,1,SAN PEDRITO AV. Y DIRECTORIO AV.,AVENIDA,7,-58.46749188,-34.63551751,PEATON,AUTO,2020-12-17 23:00:00,True
1591,1,"JUJUY AV. Y CARLOS, CALVO",AVENIDA,3,-58.40280471,-34.62113271,CICLISTA,AUTO,2020-12-19 03:30:00,True
1592,1,27 DE FEBRERO AV. Y ESCALADA AV.,AVENIDA,8,-58.44451316,-34.68475866,MOTO,OBJETO FIJO,2020-12-20 07:40:00,True
1593,1,BOGOTA Y NAZCA AV.,AVENIDA,7,-58.47110424,-34.62742408,AUTO,AUTO,2020-12-20 21:00:00,True
1594,1,CORRIENTES AV. Y 9 DE JULIO AV.,AVENIDA,1,-58.38220928,-34.60373898,PEATON,PEATON,2020-12-23 14:00:00,True
1595,1,ALVAREZ JONTE AV. Y CHIVILCOY,AVENIDA,10,-58.49794468,-34.61565025,AUTO,PEATON,2020-12-24 12:30:00,True
1596,2,SAN MARTIN AV. Y PUNTA ARENAS,AVENIDA,15,-58.47220945,-34.60111373,MOTO,AUTO,2020-12-25 06:40:00,True
1597,1,BARCO CENTENERA DEL 1118,CALLE,7,-58.43706741,-34.63217813,CICLISTA,PEATON,2020-12-25 05:50:00,True
1598,1,"PAZ, GRAL. AV. Y ACCESO NORTE - PANAMERICANA",AUTOPISTA,12,-58.49332664,-34.54836855,MOTO,OBJETO FIJO,2020-12-27 04:15:00,True
1599,1,AU FRONDIZI KM. 3,AUTOPISTA,1,-58.37960727,-34.62622851,MOTO,AUTO,2021-01-06 18:00:00,True
1600,1,"CASTRO, EMILIO AV. Y MURGUIONDO",AVENIDA,9,-58.51061062,-34.64972472,MOTO,CAMION,2021-01-07 10:20:00,True
1601,1,"AU 25 DE MAYO KM. 3,7",AUTOPISTA,7,-58.43052224,-34.62941648,MOTO,OBJETO FIJO,2021-01-10 07:40:00,True
1602,1,CASEROS AV. Y GUARANI,AVENIDA,5,-58.41455544,-34.63866836,PEATON,CAMION,2021-01-11 09:12:18,True
1603,1,"PERON, EVA AV. 3800",AVENIDA,9,-58.46774439,-34.64730145,PEATON,AUTO,2021-01-11 21:30:00,True
1604,1,AU ILLIA y SARMIENTO AV.,AUTOPISTA,14,-58.40786274,-34.56726817,MOTO,CAMION,2021-01-12 21:00:00,True
1605,1,DE LOS CONSTITUYENTES AV. Y GIRIBONE,AVENIDA,15,-58.48744301,-34.58622275,MOTO,MOTO,2021-01-18 10:00:00,True
1606,1,"SAENZ AV. Y RABANAL, FRANCISCO, INTENDENTE AV.",AVENIDA,4,-58.41657793,-34.65476216,PEATON,PEATON,2021-01-22 23:30:00,True
1607,1,PAYSANDU Y GAONA,AVENIDA,6,-58.45351111,-34.61134937,MOTO,OBJETO FIJO,2021-01-23 05:30:00,True
1608,1,"PAZ, GRAL. AV. Y BALBIN, RICARDO, DR. AV. ",AUTOPISTA,12,-58.50073810,-34.54979510,MOTO,AUTO,2021-01-23 08:00:00,True
1609,1,SANTA FE AV. 1675,AVENIDA,2,-58.39144148,-34.59564871,PEATON,AUTO,2021-01-27 01:04:26,True
1610,1,AU DELLEPIANE Y GUAMINI,AUTOPISTA,8,-58.48191128,-34.68385968,PEATON,AUTO,2021-01-29 20:07:22,True
1611,1,"FALCON, RAMON L., CNEL. Y OLIVERA AV.",AVENIDA,10,-58.48727942,-34.63652467,MOTO,OBJETO FIJO,2021-01-31 06:10:00,True
1612,1,SAN MARTIN AV. Y NOGOYA,AVENIDA,15,-58.48328708,-34.59779521,PEATON,AUTO,2021-02-02 00:50:00,True
1613,1,SAN MARTIN AV. Y TINOGASTA,AVENIDA,15,-58.49018543,-34.59724990,MOTO,OBJETO FIJO,2021-02-06 03:05:00,True
1614,1,"FERNANDEZ DE LA CRUZ, F., GRAL. AV. Y DE LA TORRE, LISANDRO",AVENIDA,8,-58.47230127,-34.68482689,AUTO,OBJETO FIJO,2021-02-14 05:50:00,True
1615,1,SALTA Y CASEROS AV.,AVENIDA,1,-58.38262614,-34.63168269,MOTO,PEATON,2021-02-17 04:10:00,True
1616,1,"JAURES, JEAN Y PERON, JUAN DOMINGO, TTE. GENERAL",CALLE,3,-58.41047268,-34.60793518,PEATON,AUTO,2021-02-20 19:00:00,True
1617,1,"TRIUNVIRATO AV. Y LARRALDE, CRISOLOGO AV.",AVENIDA,12,-58.49659234,-34.56353635,MOTO,OBJETO FIJO,2021-02-21 01:20:00,True
1618,1,POTOSI Y GASCON,CALLE,5,-58.42462955,-34.60727189,PEATON,CAMION,2021-02-21 15:00:00,True
1619,1,"YRIGOYEN, HIPOLITO Y  24 DE NOVIEMBRE",CALLE,3,-58.41168345,-34.61185625,MOTO,OBJETO FIJO,2021-02-26 05:30:00,True
1620,1,DEL LIBERTADOR AV. Y ROOSEVELT FRANKLIN D.,AVENIDA,13,-58.45157681,-34.55217303,PEATON,SD,2021-02-28 12:00:00,True
1621,1,"AU BUENOS AIRES LA PLATA  KM 4,5",AUTOPISTA,4,-58.40489318,-34.62930162,MOTO,CAMION,2021-03-01 09:20:00,True
1622,1,"PERON, EVA AV. y PIEDRA BUENA AV",AVENIDA,9,-58.49573651,-34.67006054,CICLISTA,CAMION,2021-03-03 16:30:00,True
1623,1,"PAZ, GRAL. AV. y DELLEPIANE, LUIS, TTE. GRAL",AUTOPISTA,8,-58.48695354,-34.68795245,MOTO,SD,2021-03-11 03:45:00,True
1624,1,"AU FRONDIZI ALTURA QUINQUELA MARTIN, BENITO",AUTOPISTA,4,-58.37562539,-34.64449357,MOTO,OBJETO FIJO,2021-03-15 02:35:00,True
1625,1,"PAZ, GRAL. AV. y DONADO",AUTOPISTA,12,-58.49491054,-34.54795581,MOTO,CAMION,2021-03-16 15:30:00,True
1626,1,"COREA AV. y TORRES Y TENORIO, PRES",AVENIDA,7,-58.44147621,-34.64357704,PEATON,PEATON,2021-03-29 17:20:00,True
1627,1,"FALCON, RAMON L., CNEL. Y SAN PEDRITO AV.",AVENIDA,7,-58.46899119,-34.63215432,AUTO,AUTO,2021-03-31 18:05:00,True
1628,1,FINOCHIETTO ENRIQUE DR. 1623,CALLE,4,-58.38685612,-34.63455776,PEATON,PEATON,2021-04-03 18:30:00,True
1629,1,9 DE JULIO AV. E INDEPENDENCIA AV.,AVENIDA,1,-58.38113667,-34.61765323,PEATON,CAMION,2021-04-07 10:29:00,True
1630,1,"AU CANTILO Y GUIRALDES, INT.",AUTOPISTA,13,-58.44112678,-34.54538956,PEATON,MOTO,2021-04-10 19:55:00,True
1631,1,AU 25 DE MAYO ALTURA BAJADA BOEDO AV.,AUTOPISTA,5,-58.41595919,-34.62743346,AUTO,OBJETO FIJO,2021-04-14 17:50:00,True
1632,1,"ALCORTA, AMANCIO AV. y ZAVALETA",AVENIDA,4,-58.40184094,-34.64546845,MOTO,CAMION,2021-04-19 14:40:00,True
1633,1,"JANER, ANA MARIA Y LAFUENTE AV.",AVENIDA,8,-58.44642231,-34.65679806,MOTO,CAMION,2021-05-03 09:20:00,True
1634,1,"PAZ, GRAL. AV. Y MOSCONI GENERAL AV.",AUTOPISTA,11,-58.52340614,-34.59798754,MOTO,OBJETO FIJO,2021-05-09 06:00:00,True
1635,1,"MONROE Y BALBIN, RICARDO, DR. AV.",AVENIDA,13,-58.46649069,-34.56219075,PEATON,PEATON,2021-05-11 07:10:00,True
1636,1,"JUSTO, JUAN B. AV. Y SANTA FE AV.",AVENIDA,14,-58.42653328,-34.57816791,MOTO,CAMION,2021-05-14 11:40:00,True
1637,1,"OLIDEN Y ALBERDI, JUAN BAUTISTA AV.",AVENIDA,9,-58.50407099,-34.65303372,CICLISTA,AUTO,2021-05-15 12:09:00,True
1638,1,"PAZ, GRAL. AV. Y DEL LIBERTADOR AV.",AUTOPISTA,13,-58.46743471,-34.53476874,MOTO,AUTO,2021-05-20 05:50:00,True
1639,1,DEL LIBERTADOR AV. Y CASARES AV.,AVENIDA,14,-58.40986646,-34.57728060,PEATON,PEATON,2021-05-20 08:30:00,True
1640,1,RIVADAVIA AV. 10900,AVENIDA,9,-58.51739138,-34.63931792,PEATON,PEATON,2021-05-21 05:00:00,True
1641,1,"ALBERDI, JUAN BAUTISTA AV. Y PILAR",AVENIDA,9,-58.50719962,-34.65556223,PEATON,AUTO,2021-05-22 18:26:00,True
1642,1,"PERON, EVA AV. Y ACOSTA, MARIANO",AVENIDA,9,-58.46712311,-34.64600222,MOTO,OBJETO FIJO,2021-05-25 02:00:00,True
1643,1,AU FRONDIZI Y SUAREZ AV.,AUTOPISTA,4,-58.37709334,-34.64035082,MOTO,SD,2021-05-26 17:24:00,True
1644,1,EL CANO AV. Y GUZMAN AV.,AVENIDA,15,-58.46033141,-34.58569883,AUTO,OBJETO FIJO,2021-05-31 02:00:00,True
1645,1,"VEDIA, AGUSTIN DE Y RABANAL, FRANCISCO, INTENDENTE AV.",AVENIDA,4,-58.42190745,-34.65633192,MOTO,AUTO,2021-06-02 16:00:00,True
1646,1,CAPDEVILLA Y CONGRESO AV.,AVENIDA,12,-58.49026573,-34.56981410,CICLISTA,AUTO,2021-06-03 09:58:00,True
1647,1,"FERNANDEZ DE LA CRUZ, F., GRAL. AV. 4000",AVENIDA,8,-58.45410344,-34.66902702,AUTO,AUTO,2021-06-03 20:30:00,True
1648,1,DEL LIBERTADOR AV. 5958,AVENIDA,13,-58.44751621,-34.55719892,MOTO,PEATON,2021-06-10 13:30:00,True
1649,1,27 DE FEBRERO AV. Y EREZCANO AV.,AVENIDA,4,-58.42040352,-34.66005171,PEATON,CAMION,2021-06-15 19:20:00,True
1650,1,"PAZ, GRAL. AV. 14723",AUTOPISTA,8,-58.49530249,-34.68010798,MOTO,OBJETO FIJO,2021-06-20 05:40:00,True
1651,1,CORRIENTES AV. 5783,AVENIDA,15,-58.44399875,-34.59477360,PEATON,CICLISTA,2021-06-20 12:00:00,True
1652,1,TABARE Y EREZCANO,CALLE,4,-58.42759813,-34.65463857,MOTO,CAMION,2021-06-22 14:44:00,True
1653,1,CORRIENTES AV. Y PUEYRREDOR AV.,AVENIDA,3,-58.40547222,-34.60456293,MOTO,CAMION,2021-06-29 12:20:00,True
1654,1,"CORRALES Y MORENO, PERITO AV.",AVENIDA,4,-58.42473018,-34.65008280,CICLISTA,AUTO,2021-07-09 23:25:00,True
1655,1,"AU ILLIA KM 3.2, ALTURA CABINAS DE PEAJE",AUTOPISTA,2,-58.39257023,-34.57563957,AUTO,OBJETO FIJO,2021-07-10 23:30:00,True
1656,1,AV. GRAL. PAZ Y VEDIA,AUTOPISTA,12,-58.48941042,-34.54596153,PEATON,AUTO,2021-07-21 00:40:00,True
1657,1,"GARAY, JUAN DE AV. 2269",AVENIDA,3,-58.39640740,-34.62783085,AUTO,OBJETO FIJO,2021-07-22 01:20:00,True
1658,1,"SALGUERO, JERONIMO Y RIVADAVIA AV.",AVENIDA,5,-58.41971993,-34.61112240,PEATON,PEATON,2021-07-22 12:30:00,True
1659,1,"MORENO, PERITO AV. Y ALCORTA, AMANCIO AV.",AVENIDA,4,-58.40544588,-34.65012801,PEATON,CAMION,2021-07-24 09:15:00,True
1660,1,LA PLATA AV. 2723,AVENIDA,4,-58.42003882,-34.64645957,AUTO,CAMION,2021-07-27 07:16:00,True
1661,1,"ALBERDI, JUAN BAUTISTA AV. 2906",AVENIDA,7,-58.46851293,-34.63348678,AUTO,AUTO,2021-08-02 04:40:00,True
1662,1,"PAZ, GRAL. AV. Y TONELERO",AUTOPISTA,9,-58.52931141,-34.65422917,PEATON,CAMION,2021-08-02 20:00:00,True
1663,1,Av. SAN JUAN Y AV. LA PLATA,AVENIDA,6,-58.42675754,-34.62699730,PEATON,PEATON,2021-08-06 08:30:00,True
1664,1,Av. LOPE DE VEGA Y AV. GRAL. PAZ,AVENIDA,11,-58.52933723,-34.61098186,PEATON,PEATON,2021-08-06 20:00:00,True
1665,1,"AU FRONDIZI KM 2,9 (ALTURA BRASIL)",AUTOPISTA,1,-58.37910943,-34.62764718,MOTO,OBJETO FIJO,2021-08-08 09:29:00,True
1666,1,"BEIRO, FRANCISCO AV. 5071",AVENIDA,11,-58.52161176,-34.61164474,MOTO,OBJETO FIJO,2021-08-15 06:10:00,True
1667,1,AV. SANTA FE 3428,AVENIDA,14,-58.41354692,-34.58697680,PEATON,AUTO,2021-08-20 17:15:00,True
1668,1,"CHILAVERT, MARTINIANO, CORONEL Y VARELA AV.",AVENIDA,8,-58.43960781,-34.65470804,MOTO,CAMION,2021-08-28 08:30:00,True
1669,1,SAN LUIS 2730,CALLE,3,-58.40454610,-34.60003693,PEATON,MOTO,2021-08-31 16:00:00,True
1670,1,CALLAO AV. Y PARAGUAY,AVENIDA,2,-58.39303911,-34.59871111,PEATON,AUTO,2021-09-01 19:10:00,True
1671,1,"DEL LIBERTADOR AV. Y AGOTE, LUIS DR.",AVENIDA,2,-58.39391034,-34.58405348,CICLISTA,AUTO,2021-09-18 12:20:00,True
1672,1,"PAZ, GRAL. AV. Y BALBIN, RICARDO, DR. AV.",AUTOPISTA,12,-58.50073810,-34.54979510,MOTO,SD,2021-09-20 15:00:00,True
1673,1,SALTA Y BRASIL,CALLE,1,-58.38281301,-34.62786038,PEATON,CAMION,2021-09-21 14:30:00,True
1674,1,"MORENO, PERITO AV. 2152",AVENIDA,7,-58.43980799,-34.65094083,MOTO,OBJETO FIJO,2021-10-16 06:15:00,True
1675,1,DIRECTORIO AV. 1169,AVENIDA,6,-58.44402387,-34.62933109,MOTO,CAMION,2021-10-18 07:20:00,True
1676,1,INDEPENDENCIA AV. Y LA PLATA AV.,AVENIDA,6,-58.42779702,-34.62207347,MOTO,PEATON,2021-10-23 06:35:00,True
1677,1,TUCUMAN 3112,CALLE,3,-58.40944147,-34.60097942,PEATON,AUTO,2021-10-25 03:30:00,True
1678,1,ARENALES Y 9 DE JULIO AV.,AVENIDA,1,-58.38277479,-34.59430160,MOTO,AUTO,2021-10-28 16:16:00,True
1679,1,AU FRONDIZI SUBIDA BRANDSEN,AUTOPISTA,4,-58.37627355,-34.63800916,MOTO,CAMION,2021-11-02 13:35:00,True
1680,1,AU 25 DE MAYO KM7 (ALTURA PASCO),AUTOPISTA,3,-58.39591856,-34.62453459,MOTO,AUTO,2021-11-06 04:39:00,True
1681,1,CABILDO AV. Y OLAZABAL,AVENIDA,13,-58.45829717,-34.56015762,MOTO,AUTO,2021-11-09 00:35:00,True
1682,1,TAPALQUE Y BRUIX AV.,AVENIDA,9,-58.49142611,-34.64584795,AUTO,OBJETO FIJO,2021-11-11 03:00:00,True
1683,1,"PAZ, GRAL. AV. Y EZEIZA",AUTOPISTA,12,-58.51271409,-34.57786555,MOTO,OBJETO FIJO,2021-11-20 18:30:00,True
1684,1,RIVADAVIA AV. Y PUAN,AVENIDA,6,-58.44864864,-34.62352826,PEATON,PEATON,2021-11-25 10:10:00,True
1685,1,ESMERALDA 1359,CALLE,1,-58.37795815,-34.59167894,PEATON,CICLISTA,2021-11-27 11:22:00,True
1686,1,AV. MOROE Y 3 DE FEBRERO,CALLE,13,-58.45531707,-34.55555257,MOTO,AUTO,2021-12-01 15:40:00,True
1687,1,AV. GAONA 3655,AVENIDA,11,-58.47633683,-34.62140594,MOTO,AUTO,2021-12-02 01:10:00,True
1688,1,AV. 9 DE JULIO Y LAVALLE,AVENIDA,1,-58.38188582,-34.60256036,PEATON,PEATON,2021-12-10 11:45:00,True
1689,1,BAIGORRIA Y VICTOR HUGO,CALLE,10,-58.51989389,-34.62284918,MOTO,AUTO,2021-12-11 23:00:00,True
1690,1,AV. RIVADAVIA Y AV. PUEYRREDON,AVENIDA,3,-58.40596860,-34.61011987,PEATON,AUTO,2021-12-12 06:20:00,True
1691,1,AV. RIESTRA Y MOM,AVENIDA,7,-58.43353773,-34.64561636,MOTO,AUTO,2021-12-13 17:10:00,True
1692,1,AU DELLEPIANE Y LACARRA,AUTOPISTA,9,-58.46739825,-34.65117757,MOTO,AUTO,2021-12-20 01:10:00,True
1693,1,AV. GAONA Y TERRADA,AVENIDA,11,-58.47293407,-34.61984745,MOTO,CAMION,2021-12-30 00:43:00,True
1694,1,AV. EVA PERON 4071,AVENIDA,9,-58.47066794,-34.65021673,AUTO,CAMION,2021-12-15 10:30:00,True
1695,1,PADRE CARLOS MUJICA 709,CALLE,1,-58.37976155,-34.58679619,CICLISTA,AUTO,2021-11-18 06:10:00,True
